Stn Id,Stn Name,CIMIS Region,Date,Jul,ETo (in),qc,Precip (in),qc,Sol Rad (Ly/day),qc,Avg Vap Pres (mBars),qc,Max Air Temp (F),qc,Min Air Temp (F),qc,Avg Air Temp (F),qc,Max Rel Hum (%),qc,Min Rel Hum (%),qc,Avg Rel Hum (%),qc,Dew Point (F),qc,Avg Wind Speed (mph),qc,Wind Run (miles),qc,Avg Soil Temp (F),qc
47,Brentwood,San Francisco Bay,1/1/2018,1,0.05, ,0, ,190, ,8.3, ,66.5, ,38.3, ,51.1, ,90, ,38, ,65, ,39.8, ,2.9, ,68.9, ,47.8, 
47,Brentwood,San Francisco Bay,1/2/2018,2,0.03, ,0, ,105, ,8.6, ,60.1, ,39.8, ,49.1, ,85, ,59, ,72, ,40.6, ,2.2, ,53.6, ,48, 
47,Brentwood,San Francisco Bay,1/3/2018,3,0.01, ,0.27, ,77, ,10, ,55, ,38.5, ,48.5, ,99, ,70, ,86, ,44.5, ,3.1, ,74.7, ,48.6, 
47,Brentwood,San Francisco Bay,1/4/2018,4,0.03, ,0.15, ,141, ,13.7, ,67.3, ,49, ,55, ,99, ,70, ,92, ,52.9, ,3.5, ,85.2, ,51.6, 
47,Brentwood,San Francisco Bay,1/5/2018,5,0.01, ,0.02, ,80, ,14.2, ,63, ,47.8, ,54.5, ,99, ,90, ,98, ,54, ,4.5, ,107.6, ,52.8, 
47,Brentwood,San Francisco Bay,1/6/2018,6,0.06, ,0, ,231, ,11.5, ,65.5, ,45.4, ,55, ,98, ,57, ,78, ,48.2, ,4.7, ,113.8, ,53.6, 
47,Brentwood,San Francisco Bay,1/7/2018,7,0.01, ,0, ,70, ,10.8, ,51.2, ,41.3, ,47.6, ,99, ,87, ,96, ,46.5, ,3.1, ,74, ,50.4, 
47,Brentwood,San Francisco Bay,1/8/2018,8,0, ,1.79, ,33, ,13.5, ,57.6, ,47.8, ,52.5, ,99, ,99, ,100, ,52.5, ,4.6, ,111.2, ,51.6, 
47,Brentwood,San Francisco Bay,1/9/2018,9,0.01, ,0.91, ,63, ,14.6, ,60.9, ,51, ,55.9, ,99, ,83, ,96, ,54.7, ,5, ,120.9, ,55.1, 
47,Brentwood,San Francisco Bay,1/10/2018,10,0.02, ,0, ,94, ,11.3, ,59.4, ,46.8, ,53, ,94, ,68, ,83, ,47.8, ,4.5, ,108.3, ,53.5, 
47,Brentwood,San Francisco Bay,1/11/2018,11,0.04, ,0, ,164, ,12.9, ,61.3, ,46.8, ,53.7, ,99, ,75, ,91, ,51.3, ,3, ,71.1, ,54.5, 
47,Brentwood,San Francisco Bay,1/12/2018,12,0.01, ,0, ,73, ,11.2, ,58.4, ,42.3, ,48, ,99, ,85, ,98, ,47.6, ,4.2, ,101.3, ,51.4, 
47,Brentwood,San Francisco Bay,1/13/2018,13,0, ,0.01, ,42, ,11.3, ,52, ,39.7, ,48.5, ,99, ,92, ,98, ,47.9, ,3.5, ,85.1, ,50.5, 
47,Brentwood,San Francisco Bay,1/14/2018,14,0, ,0, ,44, ,11.8, ,51.6, ,46.6, ,49.4, ,99, ,93, ,98, ,48.8, ,3.9, ,93.9, ,51.8, 
47,Brentwood,San Francisco Bay,1/15/2018,15,0, ,0, ,52, ,11.2, ,50.3, ,42.9, ,47.6, ,99, ,99, ,100, ,47.4, ,2.8, ,67.9, ,51.2, 
47,Brentwood,San Francisco Bay,1/16/2018,16,0.01, ,0.02, ,64, ,12.9, ,55.6, ,48.2, ,51.5, ,99, ,99, ,100, ,51.4, ,3.5, ,84, ,52.4, 
47,Brentwood,San Francisco Bay,1/17/2018,17,0, ,0, ,27, ,13.1, ,54.5, ,46.1, ,51.8, ,100, ,99, ,100, ,51.8, ,3.1, ,74.7, ,52.7, 
47,Brentwood,San Francisco Bay,1/18/2018,18,0.01, ,0.07, ,70, ,13.6, ,59.4, ,49.7, ,53.3, ,100, ,84, ,98, ,52.8, ,5.9, ,140.5, ,54.3, 
47,Brentwood,San Francisco Bay,1/19/2018,19,0.06, ,0, ,189, ,9.3, ,59.6, ,44.1, ,51.2, ,92, ,51, ,72, ,42.7, ,6.7, ,160.4, ,52.6, 
47,Brentwood,San Francisco Bay,1/20/2018,20,0.07, ,0, ,200, ,7.2, ,59.4, ,38.4, ,47.5, ,89, ,40, ,65, ,36.2, ,6, ,143.6, ,49.2, 
47,Brentwood,San Francisco Bay,1/21/2018,21,0.04, ,0, ,164, ,8.4, ,56.3, ,31.8, ,46.4, ,99, ,60, ,78, ,40, ,3.8, ,90.8, ,48.1, 
47,Brentwood,San Francisco Bay,1/22/2018,22,0.01, ,0.08, ,58, ,11.2, ,53.8, ,46.7, ,49.4, ,99, ,84, ,93, ,47.4, ,6.8, ,162.5, ,50.7, 
47,Brentwood,San Francisco Bay,1/23/2018,23,0.05, ,0, ,238, ,11.1, ,59.8, ,41.3, ,50.5, ,99, ,71, ,89, ,47.3, ,2.9, ,69.4, ,51.9, 
47,Brentwood,San Francisco Bay,1/24/2018,24,0.01, ,0.14,R,10, ,11.6, ,59.7, ,49.2, ,51.5, ,99, ,63, ,90, ,48.5, ,7.3, ,175.7, ,51.7, 
47,Brentwood,San Francisco Bay,1/25/2018,25,0.04, ,0.19, ,147, ,9.5, ,58.3, ,40.4, ,48.4, ,97, ,60, ,82, ,43.2, ,4.9, ,116.9, ,50.3, 
47,Brentwood,San Francisco Bay,1/26/2018,26,0.06, ,0, ,240, ,9.5, ,59.6, ,38.6, ,47.4, ,99, ,58, ,85, ,43.1, ,4.3, ,102, ,49.4, 
47,Brentwood,San Francisco Bay,1/27/2018,27,0.07, ,0, ,228, ,9.6, ,64.4, ,38.4, ,50.6, ,99, ,43, ,76, ,43.3, ,4.8, ,114.1, ,50, 
47,Brentwood,San Francisco Bay,1/28/2018,28,0.06, ,0, ,249, ,10.2, ,66.8, ,39.7, ,50.8, ,98, ,59, ,81, ,45.1, ,3.4, ,81.1, ,50.6, 
47,Brentwood,San Francisco Bay,1/29/2018,29,0.02, ,0, ,124, ,10.7, ,59.1, ,39.2, ,48.5, ,99, ,71, ,92, ,46.4, ,2.5, ,61, ,50.3, 
47,Brentwood,San Francisco Bay,1/30/2018,30,0.05, ,0, ,219, ,10.6, ,69.9, ,37.4, ,50.6, ,99, ,49, ,84, ,46.1, ,3.1, ,75.4, ,50.6, 
47,Brentwood,San Francisco Bay,1/31/2018,31,0.08, ,0, ,245, ,9.8, ,69.4, ,40.4, ,53.8, ,99, ,41, ,69, ,44, ,4, ,95.5, ,50.8, 
47,Brentwood,San Francisco Bay,2/1/2018,32,0.08, ,0, ,248, ,9.9, ,74,Y,43.4, ,57, ,93, ,36, ,63, ,44.4, ,4, ,95.8, ,52.1, 
47,Brentwood,San Francisco Bay,2/2/2018,33,0.08, ,0, ,254, ,11.1, ,73.8,Y,44.5, ,58.2, ,95, ,41, ,67, ,47.2, ,4.1, ,97.2, ,53, 
47,Brentwood,San Francisco Bay,2/3/2018,34,0.08, ,0, ,262, ,11.4, ,75.7,Y,44.3, ,59.6, ,94, ,43, ,65, ,48, ,4.1, ,99.2, ,53.9, 
47,Brentwood,San Francisco Bay,2/4/2018,35,0.05, ,0, ,189, ,12, ,78.4,R,44.1, ,57.1, ,99, ,43, ,75, ,49.3, ,3.1, ,75.2, ,54.3, 
47,Brentwood,San Francisco Bay,2/5/2018,36,0.07, ,0, ,244, ,11.1, ,78.8,Y,42.9, ,58.7, ,99, ,35, ,66, ,47.3, ,3.3, ,78.7, ,54.3, 
47,Brentwood,San Francisco Bay,2/6/2018,37,0.15, ,0, ,266, ,7.1, ,76.1,Y,48.3, ,62,Y,56, ,21, ,37,Y,35.8,Y,7.2, ,172, ,53.8, 
47,Brentwood,San Francisco Bay,2/7/2018,38,0.08, ,0, ,38, ,12.1, ,73, ,32, ,60.8, ,96, ,47, ,67, ,49.6, ,4, ,94.8, ,56.8, 
47,Brentwood,San Francisco Bay,2/8/2018,39,0.1,R,0, ,303, ,9.9, ,78,Y,43.3, ,59.4, ,93, ,29, ,57, ,44.4, ,3.3, ,78.6, ,54.8, 
47,Brentwood,San Francisco Bay,2/9/2018,40,0.11,R,0, ,305, ,10, ,81.5,R,43.3, ,60.6, ,89, ,29, ,55, ,44.5, ,3.6, ,86.3, ,54.9, 
47,Brentwood,San Francisco Bay,2/10/2018,41,0.19, ,0, ,292, ,6.8, ,74.4,Y,47.5, ,59.1, ,85, ,15, ,40, ,34.7, ,10.8,Y,258.9,Y,54, 
47,Brentwood,San Francisco Bay,2/11/2018,42,0.11, ,0, ,222, ,5.9, ,65.7, ,40.7, ,53.3, ,73, ,24, ,42, ,31, ,8.5, ,203.3, ,52, 
47,Brentwood,San Francisco Bay,2/12/2018,43,0.12, ,0, ,292, ,6.7, ,62.1, ,41.1, ,51.5, ,79, ,34, ,51, ,34.2, ,8.1, ,194.1, ,51.6, 
47,Brentwood,San Francisco Bay,2/13/2018,44,0.12, ,0, ,334, ,5.2, ,66, ,40.3, ,51.2, ,59, ,25, ,40, ,28, ,5.9, ,142, ,51, 
47,Brentwood,San Francisco Bay,2/14/2018,45,0.1, ,0, ,274, ,6.5, ,70.5, ,34.8, ,50.9, ,71, ,24, ,51, ,33.6, ,5.4, ,128.5, ,50.8, 
47,Brentwood,San Francisco Bay,2/15/2018,46,0.16, ,0, ,350, ,5.3, ,67.5, ,41.6, ,52.6, ,89, ,15, ,39, ,28.6, ,9.5, ,227.1, ,51, 
47,Brentwood,San Francisco Bay,2/16/2018,47,0.13, ,0, ,346, ,5, ,69, ,35.2, ,52.1, ,59, ,22, ,37, ,26.9, ,5, ,120, ,50, 
47,Brentwood,San Francisco Bay,2/17/2018,48,0.11, ,0, ,343, ,7.1, ,73.3, ,36, ,54.2, ,72, ,29, ,49, ,35.7, ,3.4, ,80.6, ,51.5, 
47,Brentwood,San Francisco Bay,2/18/2018,49,0.16, ,0, ,355, ,7.5, ,61.9, ,42.7, ,52, ,84, ,36, ,56, ,37, ,12.9,Y,308.9,Y,52, 
47,Brentwood,San Francisco Bay,2/19/2018,50,0.11, ,0, ,328, ,4.9, ,55.9, ,37.7, ,45.5, ,64, ,29, ,47, ,26.4, ,8.9, ,212.6, ,49.6, 
47,Brentwood,San Francisco Bay,2/20/2018,51,0.1, ,0, ,325, ,4.2, ,57.1, ,32.3, ,44.1, ,61, ,25, ,42, ,22.7, ,5.1, ,123.3, ,48.2, 
47,Brentwood,San Francisco Bay,2/21/2018,52,0.1, ,0, ,367, ,4.9, ,59.4, ,33.6, ,44.9, ,79, ,24, ,48, ,26.6, ,4.1, ,98.5, ,48.4, 
47,Brentwood,San Francisco Bay,2/22/2018,53,0.11, ,0.03, ,313, ,6.4, ,57.8, ,35.8, ,45.3, ,81, ,37, ,62, ,33.2, ,9.3, ,222.6, ,47.8, 
47,Brentwood,San Francisco Bay,2/23/2018,54,0.15, ,0, ,391, ,4,Y,56.9, ,34.7, ,44.6, ,69, ,19, ,40,Y,21.8,Y,9.5, ,226.9, ,46.9, 
47,Brentwood,San Francisco Bay,2/24/2018,55,0.12, ,0, ,356, ,5.9, ,60.9, ,27.9,Y,46.2, ,71, ,37, ,56, ,31.2, ,6.6, ,158.3, ,47, 
47,Brentwood,San Francisco Bay,2/25/2018,56,0.12, ,0, ,385, ,6.6, ,67.7, ,35.4, ,51.3, ,83, ,27, ,51, ,33.9, ,5.4, ,130.5, ,49.8, 
47,Brentwood,San Francisco Bay,2/26/2018,57,0.07, ,0.14, ,196, ,8.6, ,57.5, ,42.4, ,48.6, ,95, ,48, ,74, ,40.7, ,7.8, ,187.3, ,51.1, 
47,Brentwood,San Francisco Bay,2/27/2018,58,0.17, ,0, ,405, ,4.2,Y,61.5, ,36.2, ,47.7, ,85, ,16, ,37,Y,22.8,Y,10.8,Y,259.6,Y,48.3, 
47,Brentwood,San Francisco Bay,2/28/2018,59,0.09, ,0, ,279, ,7.4, ,60.6, ,28.6,Y,47, ,89, ,47, ,67, ,36.8, ,5.5, ,132.8, ,48, 
47,Brentwood,San Francisco Bay,3/1/2018,60,0.02, ,0.63, ,132, ,10.6, ,59.7, ,46, ,51, ,98, ,63, ,84, ,46.2, ,10.6, ,255.3, ,50.8, 
47,Brentwood,San Francisco Bay,3/2/2018,61,0.06, ,0.22, ,248, ,9, ,56.3, ,38.5, ,47.4, ,96, ,61, ,81, ,41.9, ,6.1, ,147.5, ,50.1, 
47,Brentwood,San Francisco Bay,3/3/2018,62,0.06, ,0.27, ,273, ,8.6, ,54.7, ,36.2, ,44.6, ,99, ,66, ,86, ,40.6, ,5.4, ,129.3, ,49.2, 
47,Brentwood,San Francisco Bay,3/4/2018,63,0.1, ,0, ,404, ,8, ,58.1, ,34.5, ,45.9, ,99, ,53, ,76, ,38.8, ,4.4, ,106.2, ,48.7, 
47,Brentwood,San Francisco Bay,3/5/2018,64,0.12, ,0, ,440, ,7.5, ,63.9, ,34.8, ,47.8, ,92, ,38, ,66, ,37.1, ,5.2, ,126, ,48.8, 
47,Brentwood,San Francisco Bay,3/6/2018,65,0.11, ,0, ,389, ,8.4, ,68.7, ,36.6, ,51.6, ,90, ,39, ,64, ,39.9, ,3.7, ,87.9, ,50.7, 
47,Brentwood,San Francisco Bay,3/7/2018,66,0.11, ,0, ,364, ,9.6, ,73.5, ,46, ,56.9, ,89, ,36, ,60, ,43.4, ,3.2, ,77, ,53.8, 
47,Brentwood,San Francisco Bay,3/8/2018,67,0.13, ,0.02, ,386, ,11.5, ,71.5, ,50.2, ,59.7, ,99, ,47, ,66, ,48.2, ,4.9, ,116.8, ,56.5, 
47,Brentwood,San Francisco Bay,3/9/2018,68,0.12, ,0, ,370, ,11.2, ,71.7, ,49.2, ,59.2, ,88, ,40, ,65, ,47.4, ,4.9, ,117.4, ,56.3, 
47,Brentwood,San Francisco Bay,3/10/2018,69,0.03, ,0, ,138, ,11.8, ,62.2, ,47.7, ,56, ,93, ,62, ,77, ,48.9, ,2.9, ,68.6, ,55.9, 
47,Brentwood,San Francisco Bay,3/11/2018,70,0.12, ,0, ,431, ,11.4, ,71.1, ,41.4, ,56.8, ,100, ,47, ,73, ,48.1, ,3.5, ,84.5, ,56, 
47,Brentwood,San Francisco Bay,3/12/2018,71,0.12,R,0.07, ,355, ,13.8, ,77.4, ,46.4, ,61.3, ,95, ,46, ,75, ,53.2, ,5.3, ,128.2, ,57.7, 
47,Brentwood,San Francisco Bay,3/13/2018,72,0.04, ,0.45, ,126, ,13.8, ,61.8, ,49.5, ,57.8, ,99, ,63, ,84, ,53.1, ,7, ,168.6, ,57.7, 
47,Brentwood,San Francisco Bay,3/14/2018,73,0.06, ,0.11, ,245, ,10.7, ,60.1, ,45.9, ,51.4, ,99, ,64, ,83, ,46.4, ,5.4, ,130.7, ,55.2, 
47,Brentwood,San Francisco Bay,3/15/2018,74,0.07, ,0.02, ,253, ,9.6, ,59.1, ,41.5, ,50.3, ,91, ,64, ,77, ,43.5, ,8.9, ,214.5, ,53, 
47,Brentwood,San Francisco Bay,3/16/2018,75,0.11, ,0.17, ,360, ,9.5, ,58.7, ,43.3, ,50.4, ,99, ,51, ,76, ,43.1, ,7.5, ,180.7, ,53.9, 
47,Brentwood,San Francisco Bay,3/17/2018,76,0.06, ,0.09, ,258, ,8.8, ,56.9, ,39.8, ,46.7, ,98, ,55, ,81, ,41.2, ,4.8, ,114.3, ,52.2, 
47,Brentwood,San Francisco Bay,3/18/2018,77,0.08, ,0, ,334, ,8.8, ,59.1, ,35.3, ,47.8, ,99, ,50, ,78, ,41.2, ,2.6, ,61.2, ,51.8, 
47,Brentwood,San Francisco Bay,3/19/2018,78,0.12, ,0, ,431, ,9.3, ,66.6, ,36.7, ,52, ,99, ,40, ,70, ,42.5, ,3.4, ,81.2, ,53.3, 
47,Brentwood,San Francisco Bay,3/20/2018,79,0.01, ,0.42, ,79, ,12.4, ,55.5, ,50.9, ,52.9, ,99, ,82, ,91, ,50.3, ,5.6, ,134.7, ,54.3, 
47,Brentwood,San Francisco Bay,3/21/2018,80,0.04, ,0.2, ,173, ,16.6, ,67.4, ,52.5, ,59.3, ,99, ,84, ,96, ,58.2, ,6.7, ,161.4, ,56.5, 
47,Brentwood,San Francisco Bay,3/22/2018,81,0.1, ,0.16, ,312, ,12.7, ,65.6, ,45.2, ,57.2, ,99, ,54, ,79, ,50.9, ,9.7, ,232.3, ,58, 
47,Brentwood,San Francisco Bay,3/23/2018,82,0.13, ,0, ,462, ,8.2, ,63.5, ,39.3, ,51.9, ,84, ,39, ,62, ,39.4, ,6.6, ,157.3, ,55, 
47,Brentwood,San Francisco Bay,3/24/2018,83,0.11, ,0.11, ,380, ,8.8, ,59.1, ,43.3, ,51.1, ,88, ,47, ,69, ,41.3, ,7, ,167.2, ,55, 
47,Brentwood,San Francisco Bay,3/25/2018,84,0.14, ,0, ,473, ,8.1, ,62.1, ,38.6, ,49.7, ,99, ,40, ,67, ,39.1, ,6.1, ,147.5, ,53.7, 
47,Brentwood,San Francisco Bay,3/26/2018,85,0.23, ,0, ,530, ,6.5, ,68.3, ,44.4, ,56.7, ,76, ,21, ,42, ,33.6, ,10.9,Y,261,Y,53.8, 
47,Brentwood,San Francisco Bay,3/27/2018,86,0.2, ,0, ,491, ,9.4, ,78, ,32,Y,67.2,Y,70, ,26, ,41,Y,42.9,Y,4.6, ,109.3, ,59.1, 
47,Brentwood,San Francisco Bay,3/28/2018,87,0.18, ,0, ,525, ,11.1, ,81.9, ,44.6, ,63, ,96, ,34, ,57, ,47.4, ,4.4, ,105.3, ,58.1, 
47,Brentwood,San Francisco Bay,3/29/2018,88,0.2, ,0, ,509, ,11.2, ,84.4,Y,50.1, ,66.5, ,83, ,27, ,50, ,47.4, ,5.3, ,126.8, ,60.1, 
47,Brentwood,San Francisco Bay,3/30/2018,89,0.16, ,0, ,436, ,11.9, ,80.9, ,49.5, ,65.6, ,79, ,36, ,55, ,49.1, ,4.3, ,102.5, ,60.8, 
47,Brentwood,San Francisco Bay,3/31/2018,90,0.17, ,0, ,459, ,10.8, ,83.4, ,47.9, ,64.6, ,83, ,25, ,52, ,46.6, ,3.8, ,90.8, ,61.5, 
47,Brentwood,San Francisco Bay,4/1/2018,91,0.21, ,0, ,542, ,10.6, ,80.6, ,44.8, ,63.1, ,90, ,31, ,53, ,46, ,6, ,143.2, ,61.1, 
47,Brentwood,San Francisco Bay,4/2/2018,92,0.2, ,0, ,524, ,10.8, ,77.5, ,52.7, ,63.8, ,72, ,36, ,54, ,46.7, ,5.8, ,138, ,61.8, 
47,Brentwood,San Francisco Bay,4/3/2018,93,0.21, ,0, ,551, ,8.4, ,80.6, ,45.7, ,62.9, ,89, ,14, ,43, ,40.1, ,4.6, ,111.6, ,61.4, 
47,Brentwood,San Francisco Bay,4/4/2018,94,0.18, ,0, ,459, ,8.3, ,78.4, ,48.8, ,62.6, ,80, ,11, ,43, ,39.6, ,4.6, ,110.3, ,61.8, 
47,Brentwood,San Francisco Bay,4/5/2018,95,0.1, ,0.07, ,240, ,9.4, ,68.8, ,53.5, ,59.8, ,99, ,23, ,53, ,42.8, ,4.8, ,114.1, ,60.9, 
47,Brentwood,San Francisco Bay,4/6/2018,96,0, ,1.03, ,81, ,16.8,Y,62.6, ,55.4, ,58.6, ,99, ,99, ,100,Y,58.5,Y,7.1, ,170.2, ,60.4, 
47,Brentwood,San Francisco Bay,4/7/2018,97,0.15, ,0.26, ,449, ,14.3, ,70, ,49, ,61.7, ,99, ,51, ,76, ,54, ,7.2, ,173, ,62.7, 
47,Brentwood,San Francisco Bay,4/8/2018,98,0.19, ,0, ,572, ,11, ,70.8, ,46.9, ,58.6, ,99, ,44, ,65, ,47.1, ,6.2, ,148.5, ,61, 
47,Brentwood,San Francisco Bay,4/9/2018,99,0.18, ,0, ,532, ,12.4, ,77.4, ,47.6, ,64.1, ,93, ,40, ,61, ,50.3, ,3.7, ,90, ,62.7, 
47,Brentwood,San Francisco Bay,4/10/2018,100,0.11, ,0, ,311, ,13, ,71.9, ,50.3, ,63.2, ,87, ,28, ,66, ,51.5, ,6.6, ,158.4, ,63.6, 
47,Brentwood,San Francisco Bay,4/11/2018,101,0.15, ,0.03, ,416, ,9.5, ,67.7, ,47.9, ,55.6, ,88, ,37, ,63, ,43.2, ,8.6, ,207.2, ,60.7, 
47,Brentwood,San Francisco Bay,4/12/2018,102,0.2, ,0, ,566, ,8, ,63.8, ,45.6, ,53.9, ,80, ,39, ,56, ,38.8, ,10.1, ,241.7, ,58.6, 
47,Brentwood,San Francisco Bay,4/13/2018,103,0.21, ,0, ,592, ,8.5, ,73.2, ,44.8, ,58.7, ,73, ,32, ,50, ,40.2, ,6.3, ,150.5, ,59.4, 
47,Brentwood,San Francisco Bay,4/14/2018,104,0.2, ,0, ,589, ,10.9, ,78.9, ,45.1, ,63.2, ,91, ,39, ,55, ,46.7, ,4.4, ,105, ,62.3, 
47,Brentwood,San Francisco Bay,4/15/2018,105,0.23, ,0, ,569, ,8.9, ,71.7, ,48.1, ,58.7, ,75, ,34, ,52, ,41.4, ,8.6, ,206, ,62.1, 
47,Brentwood,San Francisco Bay,4/16/2018,106,0.09, ,0.15, ,341, ,8.9, ,58.6, ,41.3, ,49.7, ,96, ,49, ,73, ,41.5, ,5.7, ,137.7, ,58.9, 
47,Brentwood,San Francisco Bay,4/17/2018,107,0.15, ,0, ,538, ,8.7, ,64.7, ,36.8, ,50.3, ,99, ,38, ,70, ,40.8, ,4.1, ,99, ,57.8, 
47,Brentwood,San Francisco Bay,4/18/2018,108,0.11, ,0, ,352, ,8.2, ,65.8, ,44.2, ,53.2, ,90, ,39, ,59, ,39.5, ,4.3, ,103.6, ,58.1, 
47,Brentwood,San Francisco Bay,4/19/2018,109,0.22, ,0, ,617, ,8, ,71.9, ,40.9, ,58.3, ,82, ,31, ,48, ,38.7, ,6.7, ,160.9, ,58.4, 
47,Brentwood,San Francisco Bay,4/20/2018,110,0.24, ,0, ,627, ,9.5, ,80, ,47.2, ,64.5, ,79, ,27, ,46, ,43.1, ,6.4, ,154.4, ,60.6, 
47,Brentwood,San Francisco Bay,4/21/2018,111,0.22, ,0, ,618, ,11.8, ,83.4, ,46.6, ,65.9, ,82, ,34, ,54, ,49, ,4.2, ,99.6, ,62.9, 
47,Brentwood,San Francisco Bay,4/22/2018,112,0.23, ,0, ,614, ,12.8, ,85.7, ,48.5, ,68, ,90, ,34, ,55, ,51.1, ,4.9, ,118.7, ,64, 
47,Brentwood,San Francisco Bay,4/23/2018,113,0.25, ,0, ,623, ,11.5, ,86.2, ,53.4, ,70.1, ,87, ,23, ,46, ,48.1, ,5.3, ,127.4, ,65.2, 
47,Brentwood,San Francisco Bay,4/24/2018,114,0.24, ,0, ,629, ,11.3, ,82.6, ,49.9, ,65.9, ,89, ,34, ,52, ,47.8, ,5, ,121.1, ,65.4, 
47,Brentwood,San Francisco Bay,4/25/2018,115,0.24, ,0, ,625, ,10.7, ,84.4, ,47.9, ,64.7, ,88, ,27, ,51, ,46.4, ,5.5, ,131, ,64.9, 
47,Brentwood,San Francisco Bay,4/26/2018,116,0.23, ,0, ,631, ,9.5, ,78.7, ,48.5, ,62, ,85, ,22, ,50, ,43.2, ,5.8, ,138.9, ,65.2, 
47,Brentwood,San Francisco Bay,4/27/2018,117,0.2, ,0, ,573, ,9.9, ,71.5, ,48.2, ,59.8, ,76, ,38, ,57, ,44.4, ,6.8, ,164, ,64.4, 
47,Brentwood,San Francisco Bay,4/28/2018,118,0.14, ,0, ,420, ,9.7, ,67.5, ,45.8, ,57.3, ,87, ,39, ,60, ,43.6, ,6, ,145.2, ,62.6, 
47,Brentwood,San Francisco Bay,4/29/2018,119,0.21, ,0, ,587, ,10.1, ,72.4, ,49.4, ,59.3, ,79, ,39, ,59, ,44.8, ,7.3, ,175, ,63, 
47,Brentwood,San Francisco Bay,4/30/2018,120,0.19, ,0, ,587, ,10.4, ,71, ,47.3, ,58.8, ,88, ,40, ,61, ,45.5, ,5.4, ,130.4, ,63.6, 
47,Brentwood,San Francisco Bay,5/1/2018,121,0.24, ,0, ,622, ,9.6, ,77.7, ,50.1, ,62.8, ,75, ,29, ,49, ,43.3, ,7.3, ,174.3, ,64.3, 
47,Brentwood,San Francisco Bay,5/2/2018,122,0.24, ,0, ,670, ,10.5, ,80.2, ,45.2, ,62.7, ,94, ,33, ,54, ,45.8, ,5.2, ,123.7, ,64.9, 
47,Brentwood,San Francisco Bay,5/3/2018,123,0.23, ,0, ,672, ,11.1, ,79.9, ,47.7, ,63, ,97, ,29, ,56, ,47.3, ,4.8, ,115.5, ,65.3, 
47,Brentwood,San Francisco Bay,5/4/2018,124,0.24, ,0, ,650, ,11.7, ,85.9, ,48.3, ,66.8, ,97, ,22, ,52, ,48.8, ,4.4, ,104.5, ,66.4, 
47,Brentwood,San Francisco Bay,5/5/2018,125,0.2, ,0, ,467, ,10.8, ,82.5, ,52.7, ,66.6, ,84, ,32, ,48, ,46.5, ,5.8, ,138.2, ,66.6, 
47,Brentwood,San Francisco Bay,5/6/2018,126,0.22, ,0, ,618, ,10.6, ,80.1, ,47.9, ,63.7, ,82, ,34, ,53, ,46.1, ,5.9, ,142.3, ,66.7, 
47,Brentwood,San Francisco Bay,5/7/2018,127,0.28, ,0, ,696, ,10.8, ,87.1, ,49.6, ,69.5, ,78, ,27, ,44, ,46.6, ,6, ,144.5, ,67.7, 
47,Brentwood,San Francisco Bay,5/8/2018,128,0.27, ,0, ,686, ,11.7, ,87.9, ,50.8, ,70.2, ,82, ,22, ,46, ,48.6, ,5.2, ,124.7, ,68.9, 
47,Brentwood,San Francisco Bay,5/9/2018,129,0.28, ,0, ,715,R,11, ,80.8, ,57.6, ,67.8, ,72, ,20, ,47, ,47.1, ,7.8, ,187.1, ,69.1, 
47,Brentwood,San Francisco Bay,5/10/2018,130,0.26, ,0, ,687, ,11.6, ,83.8, ,52.5, ,67.9, ,83, ,30, ,50, ,48.4, ,6, ,144.4, ,69.2, 
47,Brentwood,San Francisco Bay,5/11/2018,131,0.36, ,0, ,718,R,8.4, ,83.1, ,55, ,70.6, ,69, ,17, ,33, ,39.9, ,11.7,R,280.6,R,67.9, 
47,Brentwood,San Francisco Bay,5/12/2018,132,0.32, ,0, ,715,R,8.5, ,85.1, ,55.5, ,70.7, ,68, ,21, ,33, ,40.2, ,8.7, ,208.5, ,68.6, 
47,Brentwood,San Francisco Bay,5/13/2018,133,0.25, ,0, ,715,R,11.8, ,77.2, ,49.4, ,62.6, ,90, ,43, ,61, ,49, ,6.8, ,164, ,68.4, 
47,Brentwood,San Francisco Bay,5/14/2018,134,0.22,H,0,H,666,H,11.1,H,76.2, ,55.2, ,65.6,H,90,H,37,H,52, ,47.4, ,9.6,Y,229.5,Y,71.7,H
47,Brentwood,San Francisco Bay,5/15/2018,135,0.25, ,0, ,723,R,10.9, ,73.7, ,50.1, ,61.9, ,80, ,42, ,58, ,46.8, ,8.1, ,193.7, ,68.4, 
47,Brentwood,San Francisco Bay,5/16/2018,136,0.23, ,0, ,659, ,10.2, ,73.4, ,52.3, ,61.9, ,76, ,35, ,54, ,45.1, ,6.5, ,156.7, ,68.3, 
47,Brentwood,San Francisco Bay,5/17/2018,137,0.25, ,0, ,717, ,11.9, ,81, ,48.8, ,64.3, ,86, ,37, ,58, ,49.2, ,5.4, ,128.7, ,69, 
47,Brentwood,San Francisco Bay,5/18/2018,138,0.24, ,0, ,719, ,13.1, ,85.4, ,51, ,65.6, ,90, ,40, ,61, ,51.7, ,4.5, ,108.9, ,70.2, 
47,Brentwood,San Francisco Bay,5/19/2018,139,0.26, ,0, ,736,R,11.2, ,76.9, ,51.1, ,62.9, ,86, ,38, ,57, ,47.5, ,7, ,168.4, ,69.8, 
47,Brentwood,San Francisco Bay,5/20/2018,140,0.22, ,0, ,678, ,11, ,71.5, ,50.1, ,60, ,83, ,45, ,62, ,47, ,6.6, ,158.5, ,68.8, 
47,Brentwood,San Francisco Bay,5/21/2018,141,0.25, ,0, ,717, ,12.2, ,83.8, ,47.7, ,65, ,91, ,35, ,58, ,49.8, ,4.6, ,111.1, ,69.4, 
47,Brentwood,San Francisco Bay,5/22/2018,142,0.24, ,0, ,727,R,12.7, ,76.8, ,51.9, ,63.1, ,88, ,45, ,64, ,50.8, ,5, ,119.9, ,70.4, 
47,Brentwood,San Francisco Bay,5/23/2018,143,0.23, ,0, ,718, ,12.3, ,72.5, ,51.9, ,61.1, ,89, ,47, ,67, ,49.9, ,5.9, ,141.6, ,69.7, 
47,Brentwood,San Francisco Bay,5/24/2018,144,0.22, ,0, ,619, ,11.6, ,73.3, ,52.9, ,61, ,84, ,45, ,63, ,48.5, ,8.1, ,194.7, ,69.1, 
47,Brentwood,San Francisco Bay,5/25/2018,145,0.1, ,0, ,309, ,11.6, ,67.9, ,50.1, ,59.8, ,89, ,55, ,66, ,48.5, ,5.3, ,127.4, ,67.4, 
47,Brentwood,San Francisco Bay,5/26/2018,146,0.19, ,0, ,571, ,13.1, ,77.4, ,50.1, ,63.3, ,92, ,46, ,66, ,51.7, ,4.7, ,113.3, ,67.7, 
47,Brentwood,San Francisco Bay,5/27/2018,147,0.28, ,0, ,745,R,13.2, ,88.6, ,51.4, ,71.1, ,89, ,32, ,51, ,51.9, ,5, ,121.2, ,70.3, 
47,Brentwood,San Francisco Bay,5/28/2018,148,0.29, ,0, ,749,R,14.1, ,95.2, ,54.4, ,76.5, ,86, ,27, ,45, ,53.7, ,4.6, ,109.5, ,72.9, 
47,Brentwood,San Francisco Bay,5/29/2018,149,0.31, ,0, ,748,R,13.9, ,97, ,58.3, ,77.9, ,87, ,22, ,43, ,53.4, ,5.4, ,129.2, ,74.6, 
47,Brentwood,San Francisco Bay,5/30/2018,150,0.29, ,0, ,748,R,9.9, ,72.4, ,51.1, ,61.5, ,78, ,38, ,53, ,44.4, ,11.1,R,266.2,R,70.8, 
47,Brentwood,San Francisco Bay,5/31/2018,151,0.26, ,0, ,749,R,10.2, ,68.3, ,50.7, ,59.3, ,77, ,44, ,59, ,45, ,10.1,Y,243.2,Y,68.7, 
47,Brentwood,San Francisco Bay,6/1/2018,152,0.27, ,0, ,762,R,11.7, ,85.4, ,45.9, ,67.4, ,90, ,30, ,51, ,48.7, ,5, ,119.3, ,70, 
47,Brentwood,San Francisco Bay,6/2/2018,153,0.29, ,0, ,768,R,12.7, ,98.7, ,52.7, ,76.2, ,87, ,20, ,41, ,51, ,3.6, ,86.4, ,72.8, 
47,Brentwood,San Francisco Bay,6/3/2018,154,0.29, ,0, ,757,R,14.3, ,98.8, ,56, ,78.2, ,85, ,24, ,43, ,54.2, ,3.7, ,88.4, ,75.1, 
47,Brentwood,San Francisco Bay,6/4/2018,155,0.33, ,0, ,773,R,10.7, ,90.5, ,53.3, ,73.6, ,79, ,18, ,38, ,46.3, ,7.4, ,176.9, ,74.2, 
47,Brentwood,San Francisco Bay,6/5/2018,156,0.27, ,0, ,787,R,9.8, ,84.8, ,48.6, ,67.8, ,73, ,26, ,42, ,43.9, ,4.7, ,112.6, ,73.2, 
47,Brentwood,San Francisco Bay,6/6/2018,157,0.26, ,0, ,748,R,11.6, ,76.2, ,50.8, ,63, ,80, ,42, ,59, ,48.5, ,6.3, ,151.4, ,71.8, 
47,Brentwood,San Francisco Bay,6/7/2018,158,0.26, ,0, ,759,R,12.1, ,80.5, ,50.1, ,65.8, ,85, ,37, ,56, ,49.5, ,4.5, ,108, ,72.2, 
47,Brentwood,San Francisco Bay,6/8/2018,159,0.31, ,0, ,765,R,11, ,88, ,51.2, ,72, ,76, ,26, ,41, ,46.9, ,6.4, ,154.7, ,72.8, 
47,Brentwood,San Francisco Bay,6/9/2018,160,0.28, ,0, ,690, ,11.2, ,76.4, ,56.2, ,66.4, ,79, ,33, ,50, ,47.4, ,8.5, ,204.7, ,72.4, 
47,Brentwood,San Francisco Bay,6/10/2018,161,0.29, ,0, ,774,R,8.6, ,81.1, ,49.1, ,66.8, ,71, ,23, ,38, ,40.6, ,6.6, ,159.3, ,71.4, 
47,Brentwood,San Francisco Bay,6/11/2018,162,0.29, ,0, ,777,R,12, ,90.4, ,53.9, ,72.7, ,66, ,26, ,44, ,49.4, ,5, ,119.1, ,73.1, 
47,Brentwood,San Francisco Bay,6/12/2018,163,0.32, ,0, ,777,R,13.4, ,96.6, ,54.7, ,77.4, ,86, ,20, ,42, ,52.4, ,5.2, ,124.9, ,74.8, 
47,Brentwood,San Francisco Bay,6/13/2018,164,0.3, ,0, ,775,R,15, ,96, ,54.3, ,76.1, ,93, ,30, ,49, ,55.3, ,4.5, ,108.3, ,75.7, 
47,Brentwood,San Francisco Bay,6/14/2018,165,0.28, ,0, ,777,R,13.1, ,89.7, ,53.3, ,72.4, ,83, ,31, ,48, ,51.7, ,4.6, ,110.2, ,75.6, 
47,Brentwood,San Francisco Bay,6/15/2018,166,0.27, ,0, ,771,R,12.9, ,83.9, ,52.1, ,66.9, ,99, ,35, ,57, ,51.2, ,5, ,119.5, ,74.1, 
47,Brentwood,San Francisco Bay,6/16/2018,167,0.27, ,0, ,773,R,13.1, ,83.6, ,48.7, ,65.2, ,92, ,40, ,62, ,51.8, ,5.9, ,141.7, ,73.1, 
47,Brentwood,San Francisco Bay,6/17/2018,168,0.25, ,0, ,756,R,12.6, ,80.6, ,54.8, ,66.1, ,76, ,40, ,57, ,50.6, ,5.8, ,139.5, ,73.3, 
47,Brentwood,San Francisco Bay,6/18/2018,169,0.28, ,0.01, ,751,R,13.8, ,87.1, ,52.6, ,70.1, ,94, ,31, ,55, ,53.2, ,5.1, ,122.4, ,72.9, 
47,Brentwood,San Francisco Bay,6/19/2018,170,0.29, ,0, ,762,R,14.9, ,91.9, ,54.2, ,73, ,94, ,31, ,54, ,55.2, ,4.7, ,112.3, ,74, 
47,Brentwood,San Francisco Bay,6/20/2018,171,0.31, ,0, ,794,R,11.8, ,89.6, ,55.3, ,71, ,89, ,17, ,46, ,49, ,5.5, ,132.3, ,74.1, 
47,Brentwood,San Francisco Bay,6/21/2018,172,0.3, ,0, ,794,R,13, ,90.9, ,49.9, ,71.9, ,82, ,29, ,49, ,51.5, ,4.8, ,114.8, ,73.6, 
47,Brentwood,San Francisco Bay,6/22/2018,173,0.31, ,0.01, ,787,R,14.4, ,98.7, ,54.6, ,78, ,90, ,21, ,44, ,54.4, ,4.2, ,100.8, ,74.8, 
47,Brentwood,San Francisco Bay,6/23/2018,174,0.35, ,0, ,776,R,13.5, ,99.5, ,64.5, ,83.6, ,67, ,22, ,34, ,52.6, ,6, ,145, ,76.6, 
47,Brentwood,San Francisco Bay,6/24/2018,175,0.32, ,0, ,762,R,15.7, ,93.1, ,59.3, ,75.1, ,81, ,32, ,53, ,56.6, ,8.1,Y,195.3,Y,76, 
47,Brentwood,San Francisco Bay,6/25/2018,176,0.26, ,0.02, ,762,R,15.6, ,88.8, ,54, ,69.5, ,99, ,39, ,63, ,56.5, ,3.6, ,86.5, ,75.1, 
47,Brentwood,San Francisco Bay,6/26/2018,177,0.3, ,0.01, ,798,R,12.4, ,92, ,52.3, ,71.8, ,92, ,20, ,47, ,50.2, ,4.7, ,113.1, ,74.1, 
47,Brentwood,San Francisco Bay,6/27/2018,178,0.28, ,0, ,786,R,13.5, ,86.7, ,51, ,68.9, ,96, ,28, ,56, ,52.6, ,4.6, ,111.2, ,74, 
47,Brentwood,San Francisco Bay,6/28/2018,179,0.28, ,0, ,770,R,12.8, ,87.2, ,52.4, ,69.6, ,91, ,30, ,52, ,51, ,4.5, ,108, ,74.1, 
47,Brentwood,San Francisco Bay,6/29/2018,180,0.32, ,0, ,765,R,13.6, ,95.6, ,55.2, ,76.3, ,87, ,22, ,44, ,52.7, ,5.4, ,130.7, ,74.2, 
47,Brentwood,San Francisco Bay,6/30/2018,181,0.34, ,0, ,767,R,14, ,101, ,64.5, ,82.9, ,63, ,22, ,36, ,53.6, ,5.8, ,139.6, ,76.1, 
47,Brentwood,San Francisco Bay,7/1/2018,182,0.31, ,0, ,755,R,16.1, ,92.4, ,58, ,75.5, ,92, ,32, ,54, ,57.4, ,6.4, ,154.6, ,76.3, 
47,Brentwood,San Francisco Bay,7/2/2018,183,0.26, ,0, ,654, ,16.1, ,88.3, ,56.6, ,70.5, ,97, ,38, ,63, ,57.4, ,4.9, ,118.1, ,74.2, 
47,Brentwood,San Francisco Bay,7/3/2018,184,0.28, ,0, ,758,R,15.2, ,85.8, ,53.3, ,69.5, ,99, ,39, ,62, ,55.9, ,5, ,120.6, ,73.8, 
47,Brentwood,San Francisco Bay,7/4/2018,185,0.26, ,0, ,769,R,14.2, ,78.5, ,52.3, ,65.8, ,98, ,48, ,66, ,54, ,6, ,143.2, ,73, 
47,Brentwood,San Francisco Bay,7/5/2018,186,0.28, ,0, ,777,R,14.3, ,89.5, ,51, ,71.2, ,99, ,29, ,55, ,54.1, ,5.2, ,124.5, ,73.1, 
47,Brentwood,San Francisco Bay,7/6/2018,187,0.28, ,0.01, ,604, ,13.4, ,93.2, ,63.7, ,77.7, ,73, ,19, ,41, ,52.3, ,5.8, ,139.5, ,74.6, 
47,Brentwood,San Francisco Bay,7/7/2018,188,0.33, ,0, ,741, ,11.8, ,94, ,60.1, ,78.6, ,75, ,11, ,35, ,48.9, ,5.9, ,142.2, ,74.9, 
47,Brentwood,San Francisco Bay,7/8/2018,189,0.31, ,0.05, ,773,R,11, ,96.2, ,56.1, ,76.6, ,84, ,13, ,35, ,47.1, ,4.2, ,101.2, ,75.1, 
47,Brentwood,San Francisco Bay,7/9/2018,190,0.35, ,0.02, ,770,R,9.9, ,98.1, ,56.4, ,79.9, ,66, ,15, ,28, ,44.2, ,6.2, ,147.9, ,74, 
47,Brentwood,San Francisco Bay,7/10/2018,191,0.33, ,0.02, ,767,R,12, ,97.1, ,62.4, ,79.4, ,56, ,23, ,35, ,49.4, ,6, ,144.1, ,74.8, 
47,Brentwood,San Francisco Bay,7/11/2018,192,0.3, ,0, ,761,R,14.4, ,93.7, ,56.5, ,76.3, ,94, ,27, ,47, ,54.4, ,5.2, ,123.6, ,75.1, 
47,Brentwood,San Francisco Bay,7/12/2018,193,0.3, ,0, ,714, ,15.9, ,91.8, ,59.5, ,75.8, ,91, ,33, ,52, ,57.1, ,6.7, ,160.6, ,75.3, 
47,Brentwood,San Francisco Bay,7/13/2018,194,0.28, ,0, ,610, ,15.6, ,93.7, ,67.9,Y,79.5, ,64, ,29, ,45, ,56.5, ,6.1, ,147.5, ,76, 
47,Brentwood,San Francisco Bay,7/14/2018,195,0.32, ,0, ,722, ,14.6, ,96.4, ,64.2, ,80.5, ,67, ,27, ,41, ,54.8, ,6.3, ,150, ,76.7, 
47,Brentwood,San Francisco Bay,7/15/2018,196,0.29, ,0.01, ,752,R,14.6, ,96.2, ,58.4, ,75.7, ,89, ,25, ,48, ,54.8, ,4.5, ,107.2, ,76.9, 
47,Brentwood,San Francisco Bay,7/16/2018,197,0.29, ,0.01, ,753,R,14.8, ,97.8, ,56, ,76.1, ,89, ,25, ,48, ,55.1, ,4.7, ,113, ,75.5, 
47,Brentwood,San Francisco Bay,7/17/2018,198,0.29, ,0.01, ,771,R,15, ,98.3, ,55.8, ,76.7, ,94, ,22, ,48, ,55.5, ,4.2, ,100.7, ,75.2, 
47,Brentwood,San Francisco Bay,7/18/2018,199,0.28, ,0, ,731,R,17.8, ,98.2, ,57.7, ,77.8, ,99, ,32, ,55, ,60.1, ,4.4, ,105.3, ,75.8, 
47,Brentwood,San Francisco Bay,7/19/2018,200,0.28, ,0, ,733,R,16.5, ,97.3, ,59.1, ,76.4, ,98, ,25, ,53, ,58.1, ,4.9, ,117.7, ,76.2, 
47,Brentwood,San Francisco Bay,7/20/2018,201,0.28, ,0, ,696, ,17.8, ,91.5, ,58, ,74.5, ,97, ,41, ,61, ,60.2, ,6.4, ,153.6, ,75.3, 
47,Brentwood,San Francisco Bay,7/21/2018,202,0.3, ,0, ,674, ,14.1, ,94.5, ,63.1, ,78, ,83, ,24, ,43, ,53.7, ,6.5, ,156.9, ,76.2, 
47,Brentwood,San Francisco Bay,7/22/2018,203,0.29, ,0, ,707, ,15.7, ,96.6, ,62.3, ,78.2, ,83, ,27, ,48, ,56.6, ,5.4, ,129.7, ,76.7, 
47,Brentwood,San Francisco Bay,7/23/2018,204,0.3, ,0, ,718, ,16.9, ,98.4, ,63.2, ,79.5, ,85, ,28, ,49, ,58.8, ,5.1, ,122.4, ,77.1, 
47,Brentwood,San Francisco Bay,7/24/2018,205,0.32, ,0, ,728,R,15.8, ,99.4, ,60.2, ,80.3, ,91, ,22, ,45, ,56.8, ,5.6, ,135.5, ,76.6, 
47,Brentwood,San Francisco Bay,7/25/2018,206,0.35, ,0, ,730,R,13.6, ,102.5, ,62, ,82, ,84, ,13, ,36, ,52.7, ,6.4, ,152.5, ,76.4, 
47,Brentwood,San Francisco Bay,7/26/2018,207,0.28, ,0, ,711, ,16.3, ,103.5, ,60.6, ,79.9, ,87, ,21, ,47, ,57.8, ,3.7, ,89.4, ,77.2, 
47,Brentwood,San Francisco Bay,7/27/2018,208,0.28, ,0, ,727,R,15.7, ,99.8, ,58, ,76.6, ,95, ,19, ,50, ,56.7, ,3.9, ,93.4, ,76.6, 
47,Brentwood,San Francisco Bay,7/28/2018,209,0.25, ,0, ,672, ,17.2, ,99, ,58.4, ,75.8, ,94, ,30, ,56, ,59.2, ,3.3, ,80.1, ,76.5, 
47,Brentwood,San Francisco Bay,7/29/2018,210,0.22, ,0.01, ,594, ,15.5, ,96.8, ,58.6, ,75.2, ,89, ,23, ,52, ,56.3, ,3.2, ,77.8, ,75.8, 
47,Brentwood,San Francisco Bay,7/30/2018,211,0.25, ,0.01, ,633, ,16, ,101, ,58.3, ,76.7, ,92, ,23, ,51, ,57.2, ,3.4, ,82.3, ,75.5, 
47,Brentwood,San Francisco Bay,7/31/2018,212,0.27, ,0, ,672, ,15.6, ,98.3, ,57.9, ,76.5, ,93, ,23, ,50, ,56.5, ,4.3, ,102.1, ,75.3, 
47,Brentwood,San Francisco Bay,8/1/2018,213,0.27, ,0, ,714,R,13.7, ,97.7, ,56, ,75.5, ,88, ,16, ,45, ,52.9, ,4.3, ,103.2, ,75, 
47,Brentwood,San Francisco Bay,8/2/2018,214,0.27, ,0, ,713,R,13.3, ,97.1, ,56.1, ,75, ,87, ,20, ,45, ,52.1, ,4.2, ,101.6, ,74.8, 
47,Brentwood,San Francisco Bay,8/3/2018,215,0.26, ,0, ,663, ,14, ,96, ,52.9, ,74.7, ,94, ,26, ,47, ,53.5, ,4.2, ,100.8, ,73.6, 
47,Brentwood,San Francisco Bay,8/4/2018,216,0.33, ,0, ,682, ,10.7, ,98.4, ,60, ,79.4, ,70, ,12, ,31, ,46.3, ,6.9, ,164.6, ,73.5, 
47,Brentwood,San Francisco Bay,8/5/2018,217,0.27, ,0, ,663, ,12.2, ,94.6, ,54.4, ,74.4, ,85, ,16, ,42, ,49.7, ,5, ,120.9, ,73.4, 
47,Brentwood,San Francisco Bay,8/6/2018,218,0.29, ,0, ,636, ,10.9, ,99, ,56.9, ,77.4, ,70, ,13, ,34, ,46.7, ,5.1, ,123.1, ,72.5, 
47,Brentwood,San Francisco Bay,8/7/2018,219,0.23, ,0, ,568, ,13.9, ,94.4, ,57.3, ,74.2, ,91, ,22, ,48, ,53.4, ,3.1, ,75.4, ,72.9, 
47,Brentwood,San Francisco Bay,8/8/2018,220,0.25, ,0, ,625, ,15.6, ,94.3, ,57.2, ,74.6, ,90, ,28, ,53, ,56.6, ,4, ,96.4, ,73.2, 
47,Brentwood,San Francisco Bay,8/9/2018,221,0.27, ,0, ,660, ,15.3, ,101, ,57.7, ,78, ,96, ,19, ,47, ,56, ,4.3, ,103.9, ,74, 
47,Brentwood,San Francisco Bay,8/10/2018,222,0.32, ,0, ,661, ,13.6, ,101.7, ,57.2, ,79.9, ,95, ,17, ,39, ,52.7, ,6.4, ,153.2, ,73.9, 
47,Brentwood,San Francisco Bay,8/11/2018,223,0.29, ,0, ,665, ,11.8, ,101.5, ,62.3, ,80.9, ,69, ,11, ,33, ,48.9, ,4.7, ,113.1, ,75.1, 
47,Brentwood,San Francisco Bay,8/12/2018,224,0.27, ,0, ,659, ,12.9, ,97.3, ,57.9, ,77.1, ,84, ,13, ,41, ,51.4, ,4.6, ,110.9, ,74.5, 
47,Brentwood,San Francisco Bay,8/13/2018,225,0.26, ,0, ,659, ,14.1, ,94.7, ,57.1, ,73.9, ,91, ,17, ,49, ,53.6, ,4.7, ,113.6, ,73.2, 
47,Brentwood,San Francisco Bay,8/14/2018,226,0.24, ,0, ,656, ,14.8, ,86.5, ,56.8, ,70.1, ,98, ,32, ,59, ,55.1, ,4.2, ,99.8, ,72.8, 
47,Brentwood,San Francisco Bay,8/15/2018,227,0.24, ,0, ,655, ,14.8, ,88.5, ,55.1, ,70.6, ,99, ,27, ,58, ,55.1, ,4, ,96.6, ,72.5, 
47,Brentwood,San Francisco Bay,8/16/2018,228,0.26, ,0, ,647, ,14.8, ,94, ,56.5, ,74.3, ,97, ,25, ,51, ,55, ,4.9, ,117.6, ,73.2, 
47,Brentwood,San Francisco Bay,8/17/2018,229,0.28, ,0, ,656, ,11.8, ,98.5, ,57.5, ,77, ,86, ,12, ,37, ,49, ,5.6, ,134.4, ,73.2, 
47,Brentwood,San Francisco Bay,8/18/2018,230,0.3, ,0, ,664,R,11.3, ,100.2, ,54.2, ,76.9, ,77, ,13, ,36, ,47.7, ,5.4, ,129.4, ,72.6, 
47,Brentwood,San Francisco Bay,8/19/2018,231,0.26, ,0, ,659,R,13.5, ,96, ,52.8, ,74.2, ,92, ,20, ,47, ,52.5, ,4.5, ,106.8, ,72.6, 
47,Brentwood,San Francisco Bay,8/20/2018,232,0.24, ,0, ,653,R,14.3, ,91.2, ,52.2, ,71, ,92, ,27, ,55, ,54.1, ,4.6, ,110.5, ,72, 
47,Brentwood,San Francisco Bay,8/21/2018,233,0.22, ,0, ,618, ,14.5, ,83.9, ,51.6, ,66.1, ,99, ,42, ,66, ,54.6, ,5.2, ,125.8, ,71, 
47,Brentwood,San Francisco Bay,8/22/2018,234,0.23, ,0, ,615, ,14.8, ,85.2, ,52.5, ,68.6, ,95, ,40, ,62, ,55.1, ,5.8, ,140.1, ,70.6, 
47,Brentwood,San Francisco Bay,8/23/2018,235,0.23, ,0, ,601, ,13.8, ,85.1, ,51.7, ,67.9, ,97, ,35, ,59, ,53.1, ,5.6, ,133.5, ,70.3, 
47,Brentwood,San Francisco Bay,8/24/2018,236,0.21, ,0, ,588, ,13.9, ,83.2, ,50.3, ,66.3, ,94, ,42, ,63, ,53.4, ,4.3, ,102.5, ,69.7, 
47,Brentwood,San Francisco Bay,8/25/2018,237,0.22, ,0, ,582, ,13.1, ,87.5, ,51.3, ,68.7, ,93, ,31, ,55, ,51.8, ,4.7, ,113.6, ,69.7, 
47,Brentwood,San Francisco Bay,8/26/2018,238,0.24, ,0, ,657,R,11.9, ,86.4, ,47.8, ,67.2, ,94, ,20, ,52, ,49.1, ,5, ,119.2, ,69.3, 
47,Brentwood,San Francisco Bay,8/27/2018,239,0.22, ,0, ,616, ,14.7, ,80.8, ,53.3, ,67.1, ,98, ,47, ,65, ,54.9, ,5.3, ,127.6, ,69.1, 
47,Brentwood,San Francisco Bay,8/28/2018,240,0.22, ,0, ,618, ,14.3, ,81.2, ,53.8, ,67, ,99, ,41, ,63, ,54.1, ,5.9, ,141.7, ,69.2, 
47,Brentwood,San Francisco Bay,8/29/2018,241,0.24, ,0, ,622,R,13.5, ,81.1, ,53.3, ,67.9, ,85, ,41, ,58, ,52.6, ,7.8,Y,187.7,Y,69.1, 
47,Brentwood,San Francisco Bay,8/30/2018,242,0.22, ,0, ,589, ,13.8, ,79.3, ,53.1, ,67.5, ,94, ,42, ,60, ,53.2, ,6.2, ,149.9, ,69.3, 
47,Brentwood,San Francisco Bay,8/31/2018,243,0.23, ,0, ,606, ,14, ,88.3, ,52.7, ,70.1, ,98, ,32, ,56, ,53.6, ,4.6, ,111.2, ,69.6, 
47,Brentwood,San Francisco Bay,9/1/2018,244,0.23, ,0, ,586, ,13, ,92.8, ,54.3, ,74, ,80, ,25, ,45, ,51.5, ,4.3, ,102.8, ,70.8, 
47,Brentwood,San Francisco Bay,9/2/2018,245,0.24, ,0, ,590, ,14, ,94.9, ,55.3, ,74.8, ,87, ,26, ,47, ,53.5, ,4.8, ,114.2, ,71.1, 
47,Brentwood,San Francisco Bay,9/3/2018,246,0.23, ,0, ,582, ,13.9, ,91.9, ,54.2, ,71.3, ,86, ,29, ,53, ,53.4, ,4.6, ,110.4, ,70.2, 
47,Brentwood,San Francisco Bay,9/4/2018,247,0.22, ,0, ,587, ,14.4, ,90.4, ,53.5, ,70.9, ,90, ,32, ,56, ,54.4, ,4.7, ,113.8, ,69.8, 
47,Brentwood,San Francisco Bay,9/5/2018,248,0.22, ,0, ,589, ,14.6, ,85.6, ,54.7, ,69.2, ,90, ,38, ,60, ,54.8, ,6.7, ,159.9, ,69.8, 
47,Brentwood,San Francisco Bay,9/6/2018,249,0.21, ,0, ,593,R,13.9, ,92.2, ,50.7, ,69.9, ,97, ,27, ,56, ,53.4, ,4.3, ,102.2, ,69.6, 
47,Brentwood,San Francisco Bay,9/7/2018,250,0.24, ,0, ,601,R,13.5, ,95.9, ,53.8, ,74.7, ,91, ,21, ,46, ,52.6, ,5, ,120.4, ,70.4, 
47,Brentwood,San Francisco Bay,9/8/2018,251,0.26, ,0, ,608,R,10.4, ,96.5, ,54.3, ,75.3, ,81, ,13, ,35, ,45.7, ,5.3, ,128, ,70.4, 
47,Brentwood,San Francisco Bay,9/9/2018,252,0.23, ,0, ,595,R,11.2, ,95, ,50.8, ,72.1, ,70, ,20, ,42, ,47.5, ,4.4, ,106.4, ,69.5, 
47,Brentwood,San Francisco Bay,9/10/2018,253,0.23, ,0, ,593,R,11.5, ,93.2, ,51.1, ,72.4, ,80, ,20, ,42, ,48.1, ,5, ,118.9, ,68.7, 
47,Brentwood,San Francisco Bay,9/11/2018,254,0.22, ,0, ,589,R,9.2, ,92.7, ,50.3, ,73.1, ,75, ,12, ,33, ,42.2, ,4.4, ,105.9, ,68.7, 
47,Brentwood,San Francisco Bay,9/12/2018,255,0.23, ,0, ,501, ,10, ,81.2, ,58.5, ,68.5, ,66, ,28, ,42, ,44.4, ,8,Y,193.2,Y,68.1, 
47,Brentwood,San Francisco Bay,9/13/2018,256,0.2, ,0, ,570,R,11.3, ,82, ,55.9, ,67.6, ,73, ,27, ,49, ,47.8, ,6.3, ,151.3, ,68.8, 
47,Brentwood,San Francisco Bay,9/14/2018,257,0.21, ,0, ,554, ,10.3, ,82.2, ,48.7, ,66.8, ,85, ,25, ,46, ,45.3, ,5.9, ,140.8, ,67.7, 
47,Brentwood,San Francisco Bay,9/15/2018,258,0.21, ,0, ,576,R,10.3, ,79.1, ,53.4, ,65.6, ,72, ,26, ,48, ,45.4, ,7, ,168, ,67.4, 
47,Brentwood,San Francisco Bay,9/16/2018,259,0.21, ,0, ,573,R,10.9, ,82.6, ,48.7, ,66.1, ,82, ,25, ,50, ,46.9, ,6.5, ,155.7, ,66.5, 
47,Brentwood,San Francisco Bay,9/17/2018,260,0.19, ,0, ,559,R,11.6, ,83.5, ,46.6, ,65.1, ,89, ,27, ,55, ,48.5, ,5.3, ,126.4, ,66, 
47,Brentwood,San Francisco Bay,9/18/2018,261,0.19, ,0, ,561,R,11.5, ,81.5, ,45.8, ,64.4, ,92, ,31, ,56, ,48.1, ,4.7, ,112, ,65.2, 
47,Brentwood,San Francisco Bay,9/19/2018,262,0.21, ,0, ,544,R,11.1, ,89, ,48.9, ,69.2, ,88, ,20, ,46, ,47.4, ,5.1, ,122.2, ,65.7, 
47,Brentwood,San Francisco Bay,9/20/2018,263,0.22, ,0, ,545,R,8,Y,92.7, ,57.1, ,74.8, ,52, ,13, ,27,Y,38.7,Y,4.4, ,105.9, ,66.7, 
47,Brentwood,San Francisco Bay,9/21/2018,264,0.22, ,0, ,531,R,8.7, ,93.6, ,51.3, ,73.1, ,56, ,15, ,31, ,41, ,4.7, ,113.8, ,66.6, 
47,Brentwood,San Francisco Bay,9/22/2018,265,0.21, ,0, ,522,R,10.1, ,91.8, ,49.9, ,71.1, ,63, ,20, ,39, ,44.7, ,4.5, ,107.1, ,67.1, 
47,Brentwood,San Francisco Bay,9/23/2018,266,0.21, ,0, ,531,R,10.1, ,90.6, ,50.1, ,70.5, ,71, ,21, ,40, ,44.8, ,4.6, ,111.3, ,67, 
47,Brentwood,San Francisco Bay,9/24/2018,267,0.21, ,0, ,526,R,8.7, ,93.6, ,49.2, ,71.5, ,83, ,13, ,33, ,40.8, ,4.9, ,118.6, ,65.6, 
47,Brentwood,San Francisco Bay,9/25/2018,268,0.21, ,0, ,513,R,9.2, ,93.7, ,52.5, ,72.4, ,71, ,15, ,34, ,42.3, ,5, ,119.2, ,65.5, 
47,Brentwood,San Francisco Bay,9/26/2018,269,0.19, ,0, ,486, ,10.1, ,96.9, ,53, ,73.6, ,74, ,14, ,36, ,44.9, ,3.6, ,85.3, ,66.6, 
47,Brentwood,San Francisco Bay,9/27/2018,270,0.19, ,0, ,472, ,12.2, ,94.6, ,53.9, ,72.5, ,82, ,17, ,45, ,49.9, ,4.3, ,104.2, ,67.3, 
47,Brentwood,San Francisco Bay,9/28/2018,271,0.18, ,0, ,466, ,12.8, ,84.7, ,51.8, ,66.1, ,97, ,35, ,58, ,51.1, ,6.4, ,153.8, ,66.8, 
47,Brentwood,San Francisco Bay,9/29/2018,272,0.13, ,0, ,370, ,13.8, ,78.3, ,55.7, ,65.7, ,89, ,44, ,64, ,53.2, ,6.1, ,147, ,66.6, 
47,Brentwood,San Francisco Bay,9/30/2018,273,0.15, ,0, ,412, ,14.4, ,81.1, ,54.4, ,68.1, ,96, ,43, ,61, ,54.3, ,3.8, ,90.3, ,67.3, 
47,Brentwood,San Francisco Bay,10/1/2018,274,0.13, ,0, ,331, ,13.3, ,81.5, ,55.5, ,69.2, ,79, ,39, ,54, ,52.1, ,4, ,94.9, ,67.6, 
47,Brentwood,San Francisco Bay,10/2/2018,275,0.17, ,0, ,417, ,16.1, ,85.9, ,65.1,Y,73.5, ,80, ,39, ,57, ,57.3, ,5.8, ,140.1, ,69, 
47,Brentwood,San Francisco Bay,10/3/2018,276,0.1, ,0.03, ,270, ,18.2,Y,81.2, ,62.7,Y,69.6, ,99, ,51, ,74,Y,60.8,Y,4.4, ,105.7, ,69, 
47,Brentwood,San Francisco Bay,10/4/2018,277,0.14, ,0, ,430, ,15.7, ,77.2, ,55.7, ,66, ,99, ,47, ,72, ,56.7, ,5.3, ,126.3, ,68.1, 
47,Brentwood,San Francisco Bay,10/5/2018,278,0.16, ,0, ,445, ,12.7, ,79.8, ,50.5, ,65.3, ,84, ,39, ,59, ,50.9, ,5.2, ,123.9, ,65.9, 
47,Brentwood,San Francisco Bay,10/6/2018,279,0.22, ,0, ,457, ,10.9, ,81.9, ,56.1, ,70, ,69, ,24, ,43, ,46.8, ,8.9, ,214.4, ,65.8, 
47,Brentwood,San Francisco Bay,10/7/2018,280,0.31, ,0, ,479,R,7.3, ,82.3, ,62.4,Y,71.3, ,45, ,16, ,28, ,36.4, ,14.7,R,353.3,R,64.7, 
47,Brentwood,San Francisco Bay,10/8/2018,281,0.22, ,0, ,465,R,7.4, ,84.6, ,52.4, ,70.4, ,45, ,17, ,29, ,36.8, ,6.9, ,164.4, ,64.3, 
47,Brentwood,San Francisco Bay,10/9/2018,282,0.18, ,0, ,453,R,10.9, ,86.6, ,53.3, ,68, ,81, ,30, ,47, ,46.9, ,6.2, ,149.3, ,64.4, 
47,Brentwood,San Francisco Bay,10/10/2018,283,0.15, ,0, ,445,R,11.7, ,77.3, ,48.6, ,62.5, ,87, ,39, ,60, ,48.6, ,5.5, ,133.1, ,63.9, 
47,Brentwood,San Francisco Bay,10/11/2018,284,0.14, ,0, ,433, ,11.5, ,77, ,49.2, ,63.4, ,89, ,37, ,58, ,48.3, ,4.2, ,100.2, ,63.9, 
47,Brentwood,San Francisco Bay,10/12/2018,285,0.19, ,0, ,443,R,8.2, ,86.9, ,51.4, ,68.8, ,74, ,17, ,34, ,39.3, ,5.5, ,132.5, ,63.5, 
47,Brentwood,San Francisco Bay,10/13/2018,286,0.18, ,0, ,449,R,8, ,87.1, ,50.2, ,67.1, ,61, ,15, ,35, ,38.8, ,5.1, ,123.1, ,63.3, 
47,Brentwood,San Francisco Bay,10/14/2018,287,0.22, ,0, ,449,R,6.5, ,82.8, ,47.7, ,66.1, ,82, ,11, ,30, ,33.5, ,8.7,Y,207.7,Y,62.2, 
47,Brentwood,San Francisco Bay,10/15/2018,288,0.2, ,0, ,455,R,3.7,Y,83.1, ,53.2, ,66.3, ,26, ,9, ,17,Y,20.1,Y,6.6, ,159.1, ,61.7, 
47,Brentwood,San Francisco Bay,10/16/2018,289,0.17, ,0, ,442,R,5.1,Y,85.2, ,43.3, ,64.1, ,45, ,12, ,25,Y,27.8,Y,4.3, ,102.6, ,60.2, 
47,Brentwood,San Francisco Bay,10/17/2018,290,0.14, ,0, ,421,R,7.9, ,83.9, ,44, ,61.9, ,69, ,20, ,42, ,38.5, ,3.1, ,74.8, ,60.5, 
47,Brentwood,San Francisco Bay,10/18/2018,291,0.13, ,0, ,416,R,8.5, ,83.4, ,44, ,62.9, ,78, ,23, ,44, ,40.4, ,3.2, ,76.8, ,60.8, 
47,Brentwood,San Francisco Bay,10/19/2018,292,0.14, ,0, ,415,R,8.4, ,86.2, ,45.4, ,65, ,72, ,19, ,40, ,39.9, ,3.5, ,85, ,61, 
47,Brentwood,San Francisco Bay,10/20/2018,293,0.13, ,0, ,408,R,8.5, ,87.3, ,46.7, ,64.7, ,64, ,21, ,41, ,40.4, ,2.9, ,70.3, ,61.7, 
47,Brentwood,San Francisco Bay,10/21/2018,294,0.14, ,0, ,403,R,10.8, ,81.1, ,44.2, ,61.6, ,83, ,31, ,58, ,46.7, ,5.3, ,126.8, ,60.7, 
47,Brentwood,San Francisco Bay,10/22/2018,295,0.12, ,0, ,400,R,10.9, ,79.5, ,42.9, ,60.4, ,87, ,37, ,61, ,46.7, ,4, ,97, ,60.1, 
47,Brentwood,San Francisco Bay,10/23/2018,296,0.11, ,0, ,354, ,10.3, ,72.2, ,42.6, ,57.2, ,87, ,47, ,64, ,45.3, ,4.6, ,111.4, ,58.8, 
47,Brentwood,San Francisco Bay,10/24/2018,297,0.12, ,0, ,376, ,10.7, ,81.2, ,44.7, ,61.9, ,81, ,30, ,56, ,46.2, ,3.9, ,93, ,59.2, 
47,Brentwood,San Francisco Bay,10/25/2018,298,0.13, ,0, ,384,R,11.1, ,83.8, ,49.6, ,65, ,93, ,28, ,53, ,47.3, ,3.7, ,89.5, ,60.7, 
47,Brentwood,San Francisco Bay,10/26/2018,299,0.12, ,0, ,358, ,11.1, ,85.2, ,47.6, ,65.6, ,83, ,29, ,52, ,47.3, ,2.8, ,68.3, ,61.4, 
47,Brentwood,San Francisco Bay,10/27/2018,300,0.12, ,0, ,370, ,12.7, ,84.8, ,50.8, ,66.9, ,73, ,39, ,57, ,51, ,3.7, ,88.2, ,62.2, 
47,Brentwood,San Francisco Bay,10/28/2018,301,0.15, ,0, ,353, ,13.1, ,79.8, ,53, ,66, ,87, ,47, ,60, ,51.8, ,7.9, ,189.4, ,62.3, 
47,Brentwood,San Francisco Bay,10/29/2018,302,0.13, ,0, ,306, ,8.1, ,74.5, ,51.8, ,62.1, ,56, ,27, ,42, ,39, ,6.9, ,164.9, ,60.5, 
47,Brentwood,San Francisco Bay,10/30/2018,303,0.19, ,0, ,376,R,6.2, ,78.7, ,53, ,65.5, ,53, ,16, ,29, ,32.5, ,9.1,Y,218.2,Y,58.2, 
47,Brentwood,San Francisco Bay,10/31/2018,304,0.16, ,0, ,347, ,5.8, ,78.7, ,50.8, ,64.6, ,41, ,14, ,28, ,30.8, ,5.6, ,134.4, ,58, 
47,Brentwood,San Francisco Bay,11/1/2018,305,0.13, ,0, ,333, ,10.2, ,84.1,Y,54.4, ,67.2,Y,61, ,30, ,45,Y,45.1,Y,4.3, ,104, ,60, 
47,Brentwood,San Francisco Bay,11/2/2018,306,0.13, ,0, ,355,R,10.2, ,83.2, ,45.6, ,63.9, ,79, ,30, ,51, ,45.2, ,4.4, ,105.7, ,59.8, 
47,Brentwood,San Francisco Bay,11/3/2018,307,0.15,R,0, ,317, ,6.9, ,87.2,Y,53, ,68.2,Y,57, ,14, ,29,Y,35.1,Y,4.4, ,106, ,59.6, 
47,Brentwood,San Francisco Bay,11/4/2018,308,0.11, ,0, ,342, ,7.8, ,85.7,Y,48.6, ,64.9, ,53, ,22, ,37, ,38, ,3.2, ,77, ,59.9, 
47,Brentwood,San Francisco Bay,11/5/2018,309,0.14, ,0, ,351,R,6.9, ,81.9,Y,51.1, ,64.4, ,61, ,13, ,34, ,35.1, ,5.4, ,128.9, ,58.7, 
47,Brentwood,San Francisco Bay,11/6/2018,310,0.12, ,0, ,356,R,5.3, ,78.9, ,46.9, ,60.9, ,54, ,15, ,29, ,28.4, ,4.2, ,100.9, ,56.6, 
47,Brentwood,San Francisco Bay,11/7/2018,311,0.14, ,0, ,344,R,4.5,Y,76.7, ,43.3, ,59.1, ,48, ,14, ,26,Y,24.4,Y,5.8, ,139.4, ,55.2, 
47,Brentwood,San Francisco Bay,11/8/2018,312,0.21, ,0, ,326, ,3.3,Y,72.4, ,49.7, ,61, ,25, ,13, ,18,Y,17.5,Y,10.9,R,260.4,R,54.6, 
47,Brentwood,San Francisco Bay,11/9/2018,313,0.12, ,0, ,280, ,3,Y,68.2, ,37.8, ,52.7, ,32, ,14, ,22,Y,15,Y,4.5, ,108.6, ,52.3, 
47,Brentwood,San Francisco Bay,11/10/2018,314,0.08, ,0, ,212, ,4,Y,65.7, ,32.8, ,46.7, ,61, ,20, ,36,Y,21.5,Y,3.4, ,80.4, ,50.2,Y
47,Brentwood,San Francisco Bay,11/11/2018,315,0.11, ,0, ,300, ,3.9,Y,69, ,33.6, ,51.2, ,52, ,17, ,31,Y,21.4,Y,4.5, ,107.1, ,49.8,Y
47,Brentwood,San Francisco Bay,11/12/2018,316,0.08, ,0, ,282, ,4.9,Y,71.7, ,31.5, ,48.6, ,64, ,24, ,42,Y,26.4,Y,2.4, ,58.5, ,49.8,Y
47,Brentwood,San Francisco Bay,11/13/2018,317,0.06, ,0, ,173, ,5.3, ,64.4, ,36, ,47.8, ,73, ,31, ,47, ,28.6, ,2.7, ,64.2, ,49.7, 
47,Brentwood,San Francisco Bay,11/14/2018,318,0.08, ,0, ,244, ,4.2,Y,67.6, ,32.4, ,47.8, ,61, ,18, ,37,Y,22.9,Y,2.9, ,70, ,48.8,Y
47,Brentwood,San Francisco Bay,11/15/2018,319,0.07, ,0, ,224, ,5.2, ,64.3, ,31.1, ,45.6, ,75, ,33, ,50, ,28.1, ,2.7, ,65.9, ,48.4,Y
47,Brentwood,San Francisco Bay,11/16/2018,320,0.07, ,0, ,213, ,4.7, ,70.1, ,33.8, ,47.3, ,66, ,20, ,42, ,25.5, ,2.4, ,58.6, ,48.2,Y
47,Brentwood,San Francisco Bay,11/17/2018,321,0.07, ,0, ,228, ,5.6, ,66.5, ,31.9, ,47.1, ,78, ,32, ,51, ,29.8, ,3.1, ,74.4, ,48.1,Y
47,Brentwood,San Francisco Bay,11/18/2018,322,0.07, ,0, ,252, ,6, ,68.1, ,32.5, ,47.4, ,78, ,33, ,54, ,31.7, ,2.7, ,64.1, ,48.3, 
47,Brentwood,San Francisco Bay,11/19/2018,323,0.07, ,0, ,220, ,5.8, ,68.2, ,34.2, ,48.9, ,70, ,30, ,49, ,30.6, ,2.9, ,69.7, ,48.4, 
47,Brentwood,San Francisco Bay,11/20/2018,324,0.07, ,0, ,240, ,6.3, ,68.1, ,32.6, ,49.2, ,88, ,33, ,53, ,32.7, ,2.6, ,62.8, ,48.6, 
47,Brentwood,San Francisco Bay,11/21/2018,325,0.02, ,0.41, ,89, ,11.3, ,58.9, ,40.9, ,50.4, ,99, ,64, ,91, ,47.8, ,3.5, ,83.6, ,50.3, 
47,Brentwood,San Francisco Bay,11/22/2018,326,0.07, ,0.31, ,234, ,12.4, ,65.5, ,47.5, ,56.8, ,100, ,56, ,79, ,50.3, ,6.5, ,155.5, ,53.6, 
47,Brentwood,San Francisco Bay,11/23/2018,327,0.01, ,0.23, ,67, ,15.4,Y,62.1, ,52.8, ,56.3, ,100, ,99, ,100,Y,56.2,Y,7, ,168, ,55.2, 
47,Brentwood,San Francisco Bay,11/24/2018,328,0.05, ,0, ,227, ,15.7,Y,69.3, ,51.3, ,58.8, ,100, ,69, ,93,Y,56.6,Y,4.9, ,117.1, ,57.1, 
47,Brentwood,San Francisco Bay,11/25/2018,329,0.08, ,0, ,289, ,11.8, ,69.5, ,46.3, ,56.5, ,99, ,43, ,76, ,48.9, ,3.7, ,87.9, ,55.6, 
47,Brentwood,San Francisco Bay,11/26/2018,330,0.05, ,0, ,214, ,12.7, ,66.7, ,43, ,54, ,99, ,68, ,89, ,50.9, ,2.8, ,67.3, ,54.4, 
47,Brentwood,San Francisco Bay,11/27/2018,331,0.01, ,0.05, ,86, ,14, ,62, ,44.8, ,54, ,99, ,81, ,98, ,53.5, ,3.6, ,86.3, ,54.8, 
47,Brentwood,San Francisco Bay,11/28/2018,332,0.02, ,0.03, ,118, ,15.8,Y,63.7, ,54.2,Y,57, ,100, ,97, ,99,Y,56.9,Y,6.5, ,156.8, ,57.2, 
47,Brentwood,San Francisco Bay,11/29/2018,333,0.02, ,0.49, ,116, ,13.9, ,60.5, ,52.5,Y,55.6, ,99, ,79, ,92, ,53.4, ,8.7, ,207.8, ,56.7, 
47,Brentwood,San Francisco Bay,11/30/2018,334,0.07, ,0, ,260, ,9.7, ,63.8, ,48.6, ,54.1, ,85, ,48, ,68, ,43.9, ,6.7, ,161.1, ,54.5, 
47,Brentwood,San Francisco Bay,12/1/2018,335,0.06, ,0.09, ,215, ,10.3, ,59.6, ,44.7, ,51.8, ,99, ,57, ,79, ,45.4, ,7.7, ,186, ,53.3, 
47,Brentwood,San Francisco Bay,12/2/2018,336,0.06, ,0, ,275, ,8.6, ,59.5, ,37.2, ,47.8, ,99, ,50, ,76, ,40.6, ,3.9, ,92.5, ,51, 
47,Brentwood,San Francisco Bay,12/3/2018,337,0.05, ,0, ,253, ,9.1, ,57.6, ,38.2, ,46.4, ,99, ,63, ,85, ,42.1, ,4, ,95.1, ,50.3, 
47,Brentwood,San Francisco Bay,12/4/2018,338,0.01, ,0.01, ,67, ,10, ,51.5, ,44.8, ,47.9, ,96, ,80, ,88, ,44.5, ,3.8, ,91.6, ,50.9, 
47,Brentwood,San Francisco Bay,12/5/2018,339,0.02, ,0.2, ,118, ,11.8, ,58, ,46.5, ,50.7, ,99, ,85, ,93, ,48.8, ,5.5, ,132.8, ,51.7, 
47,Brentwood,San Francisco Bay,12/6/2018,340,0.07, ,0, ,270, ,9.7, ,63.2, ,44.3, ,52.7, ,90, ,50, ,72, ,43.9, ,5.3, ,127.7, ,52.4, 
47,Brentwood,San Francisco Bay,12/7/2018,341,0.06, ,0, ,259, ,9.2, ,68.3, ,36.8, ,49, ,99, ,44, ,78, ,42.3, ,2.9, ,69.4, ,50.6, 
47,Brentwood,San Francisco Bay,12/8/2018,342,0.02, ,0, ,119, ,10.8, ,56.4, ,40.2, ,46.5, ,100, ,99, ,100, ,46.6, ,3.4, ,81.9, ,50.5, 
47,Brentwood,San Francisco Bay,12/9/2018,343,0, ,0, ,33, ,11, ,50.6, ,40.7, ,47.2, ,100, ,99, ,100, ,47.2, ,2.8, ,66.4, ,51.7, 
47,Brentwood,San Francisco Bay,12/10/2018,344,0.03, ,0, ,142, ,11.2, ,61, ,41.4, ,49.7, ,100, ,68, ,92, ,47.5, ,3.1, ,74.4, ,51.4, 
47,Brentwood,San Francisco Bay,12/11/2018,345,0.06, ,0, ,268, ,9.1, ,62, ,40.3, ,49.5, ,99, ,43, ,75, ,42.1, ,4, ,97.1, ,49.9, 
47,Brentwood,San Francisco Bay,12/12/2018,346,0.06, ,0, ,221, ,9.4, ,65.9, ,40.7, ,49.4, ,99, ,43, ,78, ,42.9, ,4.9, ,117, ,49.9, 
47,Brentwood,San Francisco Bay,12/13/2018,347,0.04, ,0, ,208, ,9.4, ,60.9, ,34.3, ,45.2, ,100, ,65, ,92, ,43, ,3, ,71.9, ,48.8, 
47,Brentwood,San Francisco Bay,12/14/2018,348,0.04, ,0, ,148, ,11.1, ,65.4, ,40.5, ,50.6, ,100, ,58, ,88, ,47.2, ,4.7, ,112.5, ,49.6, 
47,Brentwood,San Francisco Bay,12/15/2018,349,0.03, ,0, ,156, ,11.5, ,60.2, ,40.1, ,49.2, ,100, ,76, ,96, ,48.2, ,2.5, ,59.8, ,50.8, 
47,Brentwood,San Francisco Bay,12/16/2018,350,0, ,0.37, ,38, ,12, ,55.3, ,40.1, ,49.2, ,100, ,99, ,100, ,49.4, ,4.2, ,101.6, ,50, 
47,Brentwood,San Francisco Bay,12/17/2018,351,0.05, ,0.28, ,225, ,12.5, ,66.4, ,44.2, ,53.6, ,100, ,57, ,89, ,50.5, ,3.4, ,82.4, ,52.3, 
47,Brentwood,San Francisco Bay,12/18/2018,352,0.05, ,0, ,251, ,11.2, ,65, ,41.4, ,51.7, ,99, ,57, ,86, ,47.6, ,2.4, ,57.7, ,51.3, 
47,Brentwood,San Francisco Bay,12/19/2018,353,0.02, ,0, ,123, ,12.6, ,63.8, ,43.3, ,51.2, ,100, ,76, ,98, ,50.6, ,3.3, ,79.9, ,52, 
47,Brentwood,San Francisco Bay,12/20/2018,354,0, ,0.01, ,41, ,12.5, ,53.1, ,46, ,50.6, ,100, ,99, ,99, ,50.4, ,2.8, ,68.1, ,52, 
47,Brentwood,San Francisco Bay,12/21/2018,355,0.01, ,0.05, ,88, ,13, ,58.4, ,48.7, ,51.8, ,100, ,88, ,99, ,51.5, ,4.2, ,100.1, ,52.8, 
47,Brentwood,San Francisco Bay,12/22/2018,356,0.05, ,0, ,211, ,8.7, ,58.3, ,39.8, ,49.6, ,98, ,49, ,72, ,41, ,4.3, ,103.1, ,51.1, 
47,Brentwood,San Francisco Bay,12/23/2018,357,0.04, ,0, ,162, ,10.7, ,58.3, ,43.4, ,49.5, ,99, ,66, ,88, ,46.2, ,3.6, ,87.1, ,51.2, 
47,Brentwood,San Francisco Bay,12/24/2018,358,0.02, ,0.13, ,93, ,12, ,58.8, ,43.4, ,50.7, ,99, ,83, ,95, ,49.3, ,6, ,145, ,51.5, 
47,Brentwood,San Francisco Bay,12/25/2018,359,0.08, ,0.23, ,266, ,9.6, ,62.7, ,46.2, ,53.2, ,99, ,47, ,70, ,43.5, ,10.4, ,249.7, ,51.3, 
47,Brentwood,San Francisco Bay,12/26/2018,360,0.06, ,0, ,258, ,8.1, ,65.7, ,36.4, ,49.9, ,99, ,39, ,66, ,39, ,3.3, ,80.2, ,49.9, 
47,Brentwood,San Francisco Bay,12/27/2018,361,0.12, ,0, ,274,R,6.9, ,59.3, ,39.3, ,48.9, ,99, ,34, ,58, ,34.9, ,12.5,Y,299.2,Y,48.2, 
47,Brentwood,San Francisco Bay,12/28/2018,362,0.1, ,0, ,274,R,5.1, ,58.4, ,42.2, ,48.7, ,57, ,29, ,44, ,27.7, ,10.7, ,257.4, ,46.9, 
47,Brentwood,San Francisco Bay,12/29/2018,363,0.06, ,0, ,254, ,6.2, ,62.4, ,34.2, ,45.8, ,80, ,34, ,59, ,32.3, ,3.6, ,86.5, ,46.3, 
47,Brentwood,San Francisco Bay,12/30/2018,364,0.05, ,0, ,261, ,8.1, ,64.6, ,32.7, ,45.3, ,100, ,45, ,79, ,39.2, ,3.5, ,83.6, ,46.4, 
47,Brentwood,San Francisco Bay,12/31/2018,365,0.15, ,0, ,276,R,5.5, ,56.4, ,40.6, ,47.8, ,99, ,29, ,48, ,29.2, ,14.8,R,355.9,R,46.2, 
47,Brentwood,San Francisco Bay,1/1/2019,1,0.09, ,0, ,279,R,4.1, ,58.5, ,34.3, ,44.6, ,65, ,23, ,41, ,22.2, ,7.9, ,190.1, ,44.7, 
47,Brentwood,San Francisco Bay,1/2/2019,2,0.05, ,0, ,269, ,5.3, ,57.5, ,27.7, ,40.4, ,94, ,34, ,63, ,28.7, ,2.7, ,64.3, ,43.9, 
47,Brentwood,San Francisco Bay,1/3/2019,3,0.05, ,0, ,242, ,6.7, ,55.7, ,29, ,40.9, ,99, ,52, ,77, ,34.3, ,2.9, ,69.8, ,43.8, 
47,Brentwood,San Francisco Bay,1/4/2019,4,0.05, ,0, ,244, ,7.4, ,56.8, ,30.6, ,41.4, ,99, ,58, ,84, ,36.9, ,2.4, ,57.4, ,44.1, 
47,Brentwood,San Francisco Bay,1/5/2019,5,0.02, ,0.06, ,76, ,9.7, ,55.4, ,36, ,45.6, ,99, ,67, ,93, ,43.7, ,7, ,167.4, ,44.8, 
47,Brentwood,San Francisco Bay,1/6/2019,6,0, ,1.09, ,36, ,10.9, ,51.8, ,40.5, ,46.8, ,100, ,99, ,100, ,46.8, ,11.5,Y,276.5,Y,46.7, 
47,Brentwood,San Francisco Bay,1/7/2019,7,0.03, ,0, ,176, ,13.1, ,61.4, ,47.8, ,52.8, ,99, ,81, ,96, ,51.8, ,4.7, ,113.4, ,49.5, 
47,Brentwood,San Francisco Bay,1/8/2019,8,0, ,0, ,44, ,12.8, ,55.9, ,48.2, ,51.2, ,100, ,99, ,100, ,51.1, ,3.9, ,94.5, ,50.5, 
47,Brentwood,San Francisco Bay,1/9/2019,9,0.04, ,0.03, ,183, ,14.5, ,63.4, ,47.3, ,56.4, ,100, ,69, ,93, ,54.5, ,5.8, ,139.3, ,52.3, 
47,Brentwood,San Francisco Bay,1/10/2019,10,0.01, ,0, ,107, ,11.5, ,51.5, ,40.5, ,48.2, ,100, ,100, ,100, ,48.3, ,2.6, ,61.8, ,51.2, 
47,Brentwood,San Francisco Bay,1/11/2019,11,0.02, ,0.02, ,107, ,12.9, ,56.6, ,48.8, ,51.7, ,100, ,92, ,99, ,51.3, ,5.7, ,136.2, ,52.2, 
47,Brentwood,San Francisco Bay,1/12/2019,12,0.04, ,0, ,204, ,12.1, ,58.4, ,44, ,50, ,100, ,85, ,98, ,49.5, ,3.7, ,88.2, ,51.7, 
47,Brentwood,San Francisco Bay,1/13/2019,13,0.03, ,0, ,185, ,11, ,57.4, ,39.3, ,47.4, ,100, ,87, ,99, ,47.1, ,2.9, ,69.2, ,50.6, 
47,Brentwood,San Francisco Bay,1/14/2019,14,0.01, ,0.04, ,77, ,11, ,54.5, ,41.8, ,47.4, ,100, ,89, ,98, ,46.9, ,4.5, ,107.3, ,49.7, 
47,Brentwood,San Francisco Bay,1/15/2019,15,0, ,0.74, ,36, ,12, ,56.9, ,45.3, ,49.6, ,100, ,95, ,99, ,49.5, ,9.4, ,226.5, ,49.8, 
47,Brentwood,San Francisco Bay,1/16/2019,16,0, ,1, ,36, ,14.2, ,59.3, ,50.8, ,54.4, ,100, ,90, ,99, ,54, ,10.5,Y,252.7,Y,51.2, 
47,Brentwood,San Francisco Bay,1/17/2019,17,0.03, ,0.07, ,117, ,13.3, ,61.1, ,51.1, ,56.5, ,99, ,71, ,85, ,52.1, ,5.9, ,142.7, ,53.2, 
47,Brentwood,San Francisco Bay,1/18/2019,18,0.05, ,0, ,198, ,13.1, ,64.8, ,49.4, ,54.6, ,99, ,64, ,90, ,51.8, ,2.7, ,64.3, ,53.5, 
47,Brentwood,San Francisco Bay,1/19/2019,19,0.05,R,0.02, ,234, ,14.9, ,68.6, ,49.6, ,56.5, ,100, ,76, ,95, ,55.2, ,2.3, ,54.8, ,54.9, 
47,Brentwood,San Francisco Bay,1/20/2019,20,0.04, ,0.03, ,167, ,13.5, ,64, ,47.9, ,54.4, ,100, ,80, ,93, ,52.5, ,8.8, ,211.7, ,54.6, 
47,Brentwood,San Francisco Bay,1/21/2019,21,0.08, ,0, ,312,R,9.2, ,61.3, ,46.3, ,51.6, ,91, ,50, ,70, ,42.2, ,8.4, ,200.5, ,51.8, 
47,Brentwood,San Francisco Bay,1/22/2019,22,0.09, ,0, ,311,R,6.9, ,63.2, ,39.5, ,49.9, ,97, ,34, ,56, ,34.9, ,6.9, ,166.3, ,50, 
47,Brentwood,San Francisco Bay,1/23/2019,23,0.07, ,0, ,312,R,8.6, ,63.8, ,34, ,47.1, ,99, ,50, ,78, ,40.7, ,3.2, ,76.1, ,48.8, 
47,Brentwood,San Francisco Bay,1/24/2019,24,0.08, ,0, ,320,R,9.3, ,64.6, ,38, ,49.5, ,99, ,50, ,77, ,42.7, ,3.8, ,90.8, ,49.2, 
47,Brentwood,San Francisco Bay,1/25/2019,25,0.07, ,0, ,323,R,9.2, ,69.3, ,37.2, ,50.1, ,100, ,45, ,75, ,42.4, ,2.8, ,67.9, ,49.2, 
47,Brentwood,San Francisco Bay,1/26/2019,26,0.05, ,0, ,220, ,10.1, ,60.6, ,35.7, ,47.6, ,100, ,65, ,90, ,44.9, ,2.6, ,62.2, ,49.3, 
47,Brentwood,San Francisco Bay,1/27/2019,27,0.07, ,0, ,294, ,10.5, ,72.3,Y,42.3, ,53.4, ,100, ,42, ,75, ,45.8, ,2.9, ,70.4, ,50.9, 
47,Brentwood,San Francisco Bay,1/28/2019,28,0.04, ,0, ,183, ,12.1, ,63, ,44.3, ,52.5, ,99, ,66, ,90, ,49.6, ,2.6, ,63.5, ,51.9, 
47,Brentwood,San Francisco Bay,1/29/2019,29,0.07, ,0, ,258, ,12.3, ,70.5,Y,44.2, ,55, ,99, ,57, ,84, ,50.1, ,2.9, ,70.2, ,52.6, 
47,Brentwood,San Francisco Bay,1/30/2019,30,0.06, ,0, ,272, ,13.2, ,63.9, ,42.9, ,52.8, ,100, ,79, ,97, ,51.9, ,3.1, ,75.6, ,52.9, 
47,Brentwood,San Francisco Bay,1/31/2019,31,0.06, ,0.02, ,240, ,14.4, ,67.1, ,48.6, ,57.2, ,99, ,70, ,90, ,54.4, ,3.8, ,91.6, ,54.8, 
47,Brentwood,San Francisco Bay,2/1/2019,32,0.02, ,0.33, ,121, ,13.4, ,59.9, ,44.6, ,52.8, ,100, ,88, ,98, ,52.3, ,6.7, ,160.5, ,53.3, 
47,Brentwood,San Francisco Bay,2/2/2019,33,0.06, ,0.25, ,179, ,12.2, ,61.8, ,50.4, ,55.1, ,99, ,57, ,82, ,49.9, ,12.8,R,308.1,R,53.9, 
47,Brentwood,San Francisco Bay,2/3/2019,34,0.04, ,0.03, ,174, ,12.3, ,58.3, ,47.7, ,52.5, ,100, ,70, ,91, ,50, ,10.5,Y,251.7,Y,53.2, 
47,Brentwood,San Francisco Bay,2/4/2019,35,0.03, ,0.54, ,169, ,10.2, ,52.2, ,40.2, ,47.4, ,99, ,71, ,92, ,45.1, ,7.7, ,184.7, ,51.5, 
47,Brentwood,San Francisco Bay,2/5/2019,36,0.07, ,0, ,319, ,7.2, ,51.5, ,37.1, ,42.8, ,99, ,47, ,77, ,36, ,5.4, ,129.4, ,48.9, 
47,Brentwood,San Francisco Bay,2/6/2019,37,0.07, ,0, ,368,R,7.5, ,57.1, ,32.1, ,43.2, ,99, ,53, ,79, ,37.2, ,3, ,73, ,48, 
47,Brentwood,San Francisco Bay,2/7/2019,38,0.06, ,0, ,314, ,7.9, ,54.5, ,31.8, ,42.5, ,99, ,52, ,85, ,38.4, ,2.7, ,65.9, ,47.5, 
47,Brentwood,San Francisco Bay,2/8/2019,39,0.03, ,0.17, ,169, ,9.6, ,52.5, ,37.4, ,45.4, ,100, ,68, ,93, ,43.5, ,3.3, ,79.5, ,48.3, 
47,Brentwood,San Francisco Bay,2/9/2019,40,0.04, ,0.41, ,203, ,10.4, ,55.4, ,39.1, ,47, ,100, ,75, ,94, ,45.5, ,8.4, ,201.7, ,48.9, 
47,Brentwood,San Francisco Bay,2/10/2019,41,0.09, ,0.13, ,373,R,7.9, ,52.5, ,38.2, ,44.9, ,99, ,51, ,78, ,38.4, ,7.2, ,172.6, ,48.5, 
47,Brentwood,San Francisco Bay,2/11/2019,42,0.06, ,0, ,281, ,7.6, ,53.7, ,33.2, ,42.9, ,99, ,54, ,81, ,37.5, ,3.1, ,75.5, ,47.1, 
47,Brentwood,San Francisco Bay,2/12/2019,43,0.01, ,0.11, ,110, ,8.5, ,47.3,Y,33.9, ,41.5, ,99, ,79, ,96, ,40.3, ,2.6, ,62.9, ,46.4, 
47,Brentwood,San Francisco Bay,2/13/2019,44,0.02, ,0.98, ,85, ,12.6, ,62.1, ,43.9, ,53.3, ,99, ,52, ,91, ,50.6, ,12.9,Y,309.7,Y,48.2, 
47,Brentwood,San Francisco Bay,2/14/2019,45,0.05, ,0.4, ,234, ,13.6, ,62.5, ,48.6, ,55.6, ,100, ,75, ,90, ,52.7, ,11.5,Y,276.4,Y,52.2, 
47,Brentwood,San Francisco Bay,2/15/2019,46,0.07, ,0.12, ,271, ,9.7, ,55.1, ,42.9, ,48.1, ,99, ,66, ,85, ,43.8, ,7.5, ,180.1, ,50.5, 
47,Brentwood,San Francisco Bay,2/16/2019,47,0.09, ,0.07, ,361, ,8.9, ,55.9, ,42.7, ,47.6, ,99, ,61, ,79, ,41.6, ,9.6, ,229.7, ,49.2, 
47,Brentwood,San Francisco Bay,2/17/2019,48,0.09, ,0.02, ,372, ,8.1, ,56.6, ,39.6, ,46, ,97, ,52, ,77, ,39, ,6.6, ,158.7, ,48.6, 
47,Brentwood,San Francisco Bay,2/18/2019,49,0.13, ,0, ,432,R,5.5, ,56.1, ,39, ,46.2, ,70, ,35, ,52, ,29.5, ,9.2, ,220.7, ,46.9, 
47,Brentwood,San Francisco Bay,2/19/2019,50,0.1, ,0, ,431,R,5.9, ,59.6, ,34.3, ,46.7, ,81, ,34, ,54, ,31, ,4.9, ,116.9, ,46.7, 
47,Brentwood,San Francisco Bay,2/20/2019,51,0.09, ,0.02, ,314, ,8.2, ,58.9, ,40, ,48.6, ,99, ,46, ,70, ,39.4, ,6.8, ,162.6, ,48.2, 
47,Brentwood,San Francisco Bay,2/21/2019,52,0.15, ,0, ,441,R,6.4, ,57.2, ,37.1, ,47, ,99, ,33, ,58, ,33.2, ,11.3,Y,270.1,Y,47.2, 
47,Brentwood,San Francisco Bay,2/22/2019,53,0.13, ,0, ,452,R,4.3, ,59.9, ,37, ,46.6, ,66, ,23, ,39, ,23.2, ,7.4, ,177, ,46.5, 
47,Brentwood,San Francisco Bay,2/23/2019,54,0.08, ,0, ,329, ,6.6, ,59.4, ,30.4,Y,45.6, ,99, ,40, ,64, ,34, ,2.8, ,66.7, ,46.9, 
47,Brentwood,San Francisco Bay,2/24/2019,55,0.08, ,0, ,318, ,9.9, ,60.6, ,43.9, ,51.2, ,99, ,54, ,77, ,44.4, ,3.7, ,88.9, ,50.2, 
47,Brentwood,San Francisco Bay,2/25/2019,56,0.05, ,0, ,96, ,10.6, ,58.2, ,44.7, ,53.1, ,99, ,65, ,77, ,46, ,10.1, ,241.9, ,50.4, 
47,Brentwood,San Francisco Bay,2/26/2019,57,0.01, ,0.16, ,38, ,12.7, ,58.6, ,52.1, ,54.8, ,99, ,63, ,86, ,50.8, ,7.9, ,189.6, ,51.3, 
47,Brentwood,San Francisco Bay,2/27/2019,58,0.05, ,0.24, ,201, ,14.2, ,65.9, ,50.9, ,55.5, ,99, ,79, ,94, ,53.9, ,10.1, ,243.3, ,52.5, 
47,Brentwood,San Francisco Bay,2/28/2019,59,0.07, ,0, ,279, ,10.6, ,61.8, ,48.5, ,52.5, ,99, ,52, ,78, ,46, ,3.2, ,77.5, ,53.5, 
47,Brentwood,San Francisco Bay,3/1/2019,60,0.05, ,0, ,214, ,11, ,57.7, ,46.2, ,51.9, ,99, ,59, ,83, ,47, ,2.2, ,51.9, ,53.4, 
47,Brentwood,San Francisco Bay,3/2/2019,61,0, ,0.47, ,82, ,13.2, ,54.5, ,50.1, ,52.1, ,100, ,99, ,100, ,52, ,4.7, ,112.5, ,53.3, 
47,Brentwood,San Francisco Bay,3/3/2019,62,0.05, ,0.02, ,205, ,13.5, ,64.7, ,49.6, ,55, ,100, ,76, ,91, ,52.5, ,5, ,121.1, ,54.6, 
47,Brentwood,San Francisco Bay,3/4/2019,63,0.04, ,0, ,218, ,12, ,61.1, ,45.4, ,53.3, ,99, ,68, ,87, ,49.4, ,2.3, ,56.1, ,53.9, 
47,Brentwood,San Francisco Bay,3/5/2019,64,0.02,R,0.02, ,135, ,13.6, ,56.6, ,48.9, ,53, ,100, ,95, ,99, ,52.8, ,6.8, ,163.6, ,54.1, 
47,Brentwood,San Francisco Bay,3/6/2019,65,0.05, ,0.31, ,222, ,14.3, ,62.1, ,51.8, ,55.3, ,100, ,74, ,95, ,54, ,10.4, ,250.7, ,54.8, 
47,Brentwood,San Francisco Bay,3/7/2019,66,0.03, ,0.03, ,140, ,11.1, ,57.2, ,45.6, ,50.9, ,99, ,70, ,87, ,47.2, ,4.7, ,112.3, ,53.9, 
47,Brentwood,San Francisco Bay,3/8/2019,67,0.13, ,0, ,431, ,7.2, ,58.1, ,42.2, ,49.2, ,85, ,43, ,60, ,36.1, ,9.2, ,221, ,51.7, 
47,Brentwood,San Francisco Bay,3/9/2019,68,0.04, ,0.07, ,203, ,9.9, ,55.8, ,40.1, ,47.3, ,99, ,73, ,90, ,44.4, ,6, ,144.3, ,51.1, 
47,Brentwood,San Francisco Bay,3/10/2019,69,0.07, ,0.01, ,307, ,10.6, ,59.7, ,44.7, ,49.9, ,100, ,61, ,87, ,46.2, ,5.6, ,133.7, ,52.4, 
47,Brentwood,San Francisco Bay,3/11/2019,70,0.16, ,0, ,523,R,8.5, ,67.7, ,40.3, ,53.9, ,99, ,31, ,60, ,40.3, ,7, ,167.8, ,52, 
47,Brentwood,San Francisco Bay,3/12/2019,71,0.18, ,0, ,483, ,7.7, ,65.4, ,43.7, ,55, ,73, ,37, ,52, ,37.8, ,10.6,Y,253.9,Y,51.9, 
47,Brentwood,San Francisco Bay,3/13/2019,72,0.22, ,0, ,546,R,5.1, ,64.7, ,46.4, ,53.9, ,48, ,24, ,36, ,27.6, ,12.2,Y,292.4,Y,51.2, 
47,Brentwood,San Francisco Bay,3/14/2019,73,0.17, ,0, ,543,R,5.8, ,66.9, ,42.6, ,53.5, ,65, ,24, ,42, ,30.9, ,6.7, ,160.6, ,51.2, 
47,Brentwood,San Francisco Bay,3/15/2019,74,0.15, ,0, ,531,R,7.7, ,70.8, ,38.6, ,54.1, ,75, ,30, ,54, ,37.8, ,3.7, ,89.6, ,52.2, 
47,Brentwood,San Francisco Bay,3/16/2019,75,0.15, ,0, ,541,R,9, ,75.7, ,40.5, ,57.3, ,98, ,28, ,56, ,41.7, ,3.2, ,76.1, ,53.6, 
47,Brentwood,San Francisco Bay,3/17/2019,76,0.14, ,0, ,478, ,10.8, ,74.6, ,41.7, ,58.1, ,99, ,41, ,65, ,46.6, ,3.2, ,77.3, ,55.1, 
47,Brentwood,San Francisco Bay,3/18/2019,77,0.15, ,0, ,534,R,11.9, ,76.3, ,44.2, ,61.1, ,99, ,39, ,65, ,49.1, ,3.1, ,74.7, ,56.6, 
47,Brentwood,San Francisco Bay,3/19/2019,78,0.12, ,0.07, ,344, ,11.7, ,72.7, ,48.6, ,60.5, ,99, ,36, ,65, ,48.7, ,4.6, ,110.4, ,57.9, 
47,Brentwood,San Francisco Bay,3/20/2019,79,0.11, ,0.22, ,405, ,12, ,64.4, ,45.5, ,55.2, ,100, ,47, ,81, ,49.4, ,7, ,168.5, ,57.4, 
47,Brentwood,San Francisco Bay,3/21/2019,80,0.16, ,0, ,552,R,9.7, ,67.3, ,41.3, ,54.4, ,99, ,39, ,67, ,43.7, ,4.6, ,111.5, ,55.9, 
47,Brentwood,San Francisco Bay,3/22/2019,81,0.04, ,0.14, ,188, ,12.3, ,60.2, ,42.7, ,52.4, ,100, ,67, ,92, ,50.1, ,3.1, ,74.5, ,55.3, 
47,Brentwood,San Francisco Bay,3/23/2019,82,0.13,R,0.24, ,429, ,12, ,66.2, ,46.2, ,55.9, ,100, ,47, ,78, ,49.3, ,4.6, ,109.6, ,57, 
47,Brentwood,San Francisco Bay,3/24/2019,83,0.11, ,0, ,403, ,11.1, ,64, ,41.1, ,52.3, ,100, ,53, ,83, ,47.4, ,3.2, ,77, ,55.9, 
47,Brentwood,San Francisco Bay,3/25/2019,84,0.08, ,0.15, ,238, ,12.1, ,67.7, ,43.6, ,55.9, ,100, ,39, ,79, ,49.5, ,5.6, ,134.3, ,55.8, 
47,Brentwood,San Francisco Bay,3/26/2019,85,0.12, ,0.13,H,438, ,13.8, ,68.2, ,51, ,58.5, ,100, ,59, ,83, ,53.2, ,3.9, ,94.4, ,58.3, 
47,Brentwood,San Francisco Bay,3/27/2019,86,0.04, ,0.07, ,170, ,13.3, ,62.8, ,48.2, ,56.8, ,100, ,59, ,84, ,52.1, ,6.3, ,152.3, ,58, 
47,Brentwood,San Francisco Bay,3/28/2019,87,0.13, ,0, ,416, ,11.5, ,66.4, ,45, ,53.5, ,100, ,48, ,82, ,48.2, ,5.7, ,136, ,56.4, 
47,Brentwood,San Francisco Bay,3/29/2019,88,0.17, ,0, ,584,R,10.5, ,66.9, ,40.6, ,54.8, ,100, ,44, ,71, ,45.7, ,5.7, ,137.4, ,55.9, 
47,Brentwood,San Francisco Bay,3/30/2019,89,0.19, ,0, ,594,R,10.3, ,71.5, ,45, ,58, ,99, ,38, ,63, ,45.4, ,5.7, ,137.6, ,56.6, 
47,Brentwood,San Francisco Bay,3/31/2019,90,0.19, ,0, ,560, ,10.2, ,76.7, ,43.6, ,60.9, ,99, ,32, ,56, ,45.1, ,4.7, ,112.6, ,57.1, 
47,Brentwood,San Francisco Bay,4/1/2019,91,0.06, ,0.04, ,239, ,12.7, ,69.1, ,50.7, ,59.1, ,99, ,46, ,74, ,50.9, ,3, ,72.4, ,58.3, 
47,Brentwood,San Francisco Bay,4/2/2019,92,0.12,R,0.13, ,417, ,14.7, ,67.1, ,52.3, ,58.3, ,100, ,59, ,88, ,54.8, ,5.6, ,134.3, ,59.2, 
47,Brentwood,San Francisco Bay,4/3/2019,93,0.07, ,0, ,274, ,13.9, ,66, ,49.9, ,58, ,100, ,60, ,85, ,53.4, ,3.1, ,73.9, ,59.2, 
47,Brentwood,San Francisco Bay,4/4/2019,94,0.1, ,0, ,350, ,13.2, ,66.7, ,52.3, ,59.1, ,99, ,51, ,77, ,52, ,4.9, ,117.9, ,59.6, 
47,Brentwood,San Francisco Bay,4/5/2019,95,0.05, ,0.08, ,221, ,14.4, ,67.7, ,49, ,55.8, ,99, ,68, ,95, ,54.4, ,3.5, ,84.8, ,58.7, 
47,Brentwood,San Francisco Bay,4/6/2019,96,0.14, ,0, ,442, ,14.4, ,72.3, ,51.4, ,60.3, ,100, ,46, ,81, ,54.4, ,4.2, ,99.8, ,60, 
47,Brentwood,San Francisco Bay,4/7/2019,97,0.18,R,0, ,557, ,15.2, ,77.2, ,50.3, ,64.2, ,100, ,55, ,74, ,55.8, ,4.6, ,109.2, ,61.5, 
47,Brentwood,San Francisco Bay,4/8/2019,98,0.13, ,0, ,387, ,16.2,Y,77, ,55.2, ,65.2, ,99, ,54, ,76,Y,57.6,Y,5.5, ,131.4, ,62.5, 
47,Brentwood,San Francisco Bay,4/9/2019,99,0.23, ,0, ,631,R,10.1, ,69.7, ,53.5, ,60.8, ,84, ,37, ,56, ,44.9, ,11.9,Y,286,Y,61.3, 
47,Brentwood,San Francisco Bay,4/10/2019,100,0.27, ,0, ,652,R,8.1, ,74.7, ,52.4, ,62.4, ,58, ,26, ,42, ,39, ,11.1,Y,266.5,Y,59.5, 
47,Brentwood,San Francisco Bay,4/11/2019,101,0.19, ,0, ,422, ,9, ,68.2, ,54.2, ,61.6, ,62, ,40, ,48, ,41.7, ,11.1,Y,265.9,Y,59.3, 
47,Brentwood,San Francisco Bay,4/12/2019,102,0.24, ,0, ,649,R,9, ,76.8, ,50.3, ,62.6, ,66, ,26, ,47, ,41.9, ,8.5, ,202.8, ,59.4, 
47,Brentwood,San Francisco Bay,4/13/2019,103,0.21, ,0, ,609, ,11, ,79.7, ,47.2, ,63.8, ,99, ,35, ,55, ,47.2, ,4.3, ,102.3, ,60.1, 
47,Brentwood,San Francisco Bay,4/14/2019,104,0.23, ,0, ,628, ,10.9, ,75.5, ,47.4, ,61.6, ,99, ,38, ,58, ,46.8, ,6.9, ,165.4, ,60.9, 
47,Brentwood,San Francisco Bay,4/15/2019,105,0.08, ,0, ,247, ,9.3, ,63.9, ,46.5, ,56, ,99, ,39, ,61, ,42.6, ,6, ,144.5, ,59.7, 
47,Brentwood,San Francisco Bay,4/16/2019,106,0.17, ,0, ,549, ,11.7, ,69.7, ,51.8, ,59.1, ,99, ,44, ,68, ,48.7, ,6.9, ,164.7, ,59.9, 
47,Brentwood,San Francisco Bay,4/17/2019,107,0.21, ,0, ,661,R,11.7, ,78.5, ,46.3, ,63.2, ,99, ,32, ,59, ,48.7, ,3.7, ,89.1, ,60.5, 
47,Brentwood,San Francisco Bay,4/18/2019,108,0.21, ,0, ,654,R,13.8, ,85.4, ,47.8, ,67.5, ,99, ,37, ,60, ,53.1, ,3.4, ,80.9, ,62.1, 
47,Brentwood,San Francisco Bay,4/19/2019,109,0.23, ,0, ,580, ,13.9, ,84.9, ,53, ,69.2, ,99, ,35, ,57, ,53.4, ,5.6, ,133.8, ,63.4, 
47,Brentwood,San Francisco Bay,4/20/2019,110,0.22, ,0, ,613, ,11.6, ,70.3, ,49.8, ,59.7, ,94, ,46, ,66, ,48.5, ,10.3, ,247.6, ,63.2, 
47,Brentwood,San Francisco Bay,4/21/2019,111,0.24, ,0, ,680,R,11.1, ,78.3, ,45, ,62.8, ,99, ,33, ,57, ,47.3, ,6.2, ,147.9, ,62.1, 
47,Brentwood,San Francisco Bay,4/22/2019,112,0.31, ,0, ,686,R,8.9, ,88.1, ,52.7, ,71.4, ,63, ,16, ,34, ,41.6, ,8.2, ,197.6, ,63.2, 
47,Brentwood,San Francisco Bay,4/23/2019,113,0.27, ,0, ,675,R,11.6, ,91,Y,56.8, ,74.9,Y,59, ,23, ,39,Y,48.5,Y,5.9, ,140.5, ,64.9, 
47,Brentwood,San Francisco Bay,4/24/2019,114,0.26, ,0, ,660, ,15.3,Y,92.3,Y,58.7, ,75.7,Y,74, ,32, ,51,Y,56.1,Y,4.7, ,112, ,66.8, 
47,Brentwood,San Francisco Bay,4/25/2019,115,0.26, ,0, ,678,R,13.6, ,92.2,Y,54.2, ,72.5, ,99, ,24, ,50, ,52.7, ,4.6, ,110.2, ,67.4, 
47,Brentwood,San Francisco Bay,4/26/2019,116,0.25, ,0, ,670,R,13.2, ,87.9, ,48.5, ,69, ,98, ,30, ,54, ,51.9, ,4.4, ,105.4, ,66.2, 
47,Brentwood,San Francisco Bay,4/27/2019,117,0.24, ,0, ,637, ,11.5, ,81.2, ,49.7, ,65.9, ,98, ,28, ,53, ,48.3, ,4.9, ,117.3, ,66.1, 
47,Brentwood,San Francisco Bay,4/28/2019,118,0.22, ,0, ,676,R,12.4, ,79.1, ,45.8, ,62.8, ,99, ,43, ,64, ,50.2, ,4.7, ,112, ,65.4, 
47,Brentwood,San Francisco Bay,4/29/2019,119,0.23, ,0, ,682,R,12.1, ,79.2, ,47.8, ,63.1, ,99, ,39, ,61, ,49.5, ,5, ,119.4, ,65.4, 
47,Brentwood,San Francisco Bay,4/30/2019,120,0.23, ,0, ,673, ,10.8, ,74.1, ,48.5, ,62.1, ,99, ,34, ,57, ,46.7, ,5.4, ,129.3, ,65.1, 
47,Brentwood,San Francisco Bay,5/1/2019,121,0.26, ,0, ,712,R,8.9, ,80.9, ,47.9, ,65.4, ,91, ,16, ,42, ,41.5, ,5.9, ,142.2, ,65, 
47,Brentwood,San Francisco Bay,5/2/2019,122,0.27, ,0, ,711,R,7.8, ,82.9, ,46.4, ,66.2, ,69, ,16, ,36, ,38.2, ,5.4, ,129.3, ,64.3, 
47,Brentwood,San Francisco Bay,5/3/2019,123,0.26, ,0, ,675, ,7.7, ,85.2, ,48.4, ,66.3, ,76, ,16, ,35, ,37.8, ,4.7, ,112.7, ,64.2, 
47,Brentwood,San Francisco Bay,5/4/2019,124,0.26, ,0, ,715,R,8.9, ,82.2, ,43, ,62.6, ,95, ,12, ,46, ,41.6, ,5.1, ,123.5, ,63.8, 
47,Brentwood,San Francisco Bay,5/5/2019,125,0.24, ,0, ,658, ,9.8, ,73.1, ,45.5, ,59.3, ,90, ,37, ,57, ,44, ,8, ,193.1, ,62.7, 
47,Brentwood,San Francisco Bay,5/6/2019,126,0.22, ,0, ,647, ,11.5, ,70.6, ,52.9, ,60.2, ,81, ,50, ,64, ,48.1, ,7.6, ,182.9, ,62.9, 
47,Brentwood,San Francisco Bay,5/7/2019,127,0.23, ,0, ,688, ,12.6, ,78.9, ,48.9, ,62.9, ,99, ,41, ,64, ,50.8, ,5.3, ,127.6, ,63.9, 
47,Brentwood,San Francisco Bay,5/8/2019,128,0.24, ,0, ,687, ,14.1, ,80.3, ,51.7, ,66.1, ,99, ,43, ,65, ,53.8, ,6.1, ,146.1, ,65.3, 
47,Brentwood,San Francisco Bay,5/9/2019,129,0.22, ,0, ,663, ,14.1, ,75.6, ,52.4, ,63.4, ,99, ,49, ,71, ,53.8, ,6.7, ,159.8, ,65.6, 
47,Brentwood,San Francisco Bay,5/10/2019,130,0.25, ,0, ,702, ,12.8, ,86.2, ,52.7, ,67.9, ,99, ,25, ,55, ,51.1, ,5.9, ,140.5, ,66, 
47,Brentwood,San Francisco Bay,5/11/2019,131,0.24, ,0, ,711,R,13.7, ,84.1, ,50.3, ,65.6, ,99, ,38, ,63, ,52.9, ,4.4, ,105.8, ,66.4, 
47,Brentwood,San Francisco Bay,5/12/2019,132,0.26, ,0, ,712,R,11.9, ,85.2, ,50.5, ,67, ,99, ,26, ,53, ,49.2, ,5.3, ,126.9, ,66.6, 
47,Brentwood,San Francisco Bay,5/13/2019,133,0.28, ,0, ,686, ,10.5, ,84.5, ,51.6, ,67.9, ,76, ,26, ,45, ,45.8, ,6.7, ,159.9, ,65.8, 
47,Brentwood,San Francisco Bay,5/14/2019,134,0.18, ,0, ,476, ,12.4, ,76.7, ,51.7, ,62.7, ,98, ,38, ,64, ,50.3, ,7.3, ,174.6, ,64.3, 
47,Brentwood,San Francisco Bay,5/15/2019,135,0.06, ,0.27, ,209, ,15.7, ,68.6, ,54.5, ,61.5, ,99, ,66, ,84, ,56.7, ,6.8, ,163.1, ,63.8, 
47,Brentwood,San Francisco Bay,5/16/2019,136,0.11, ,0.16, ,399, ,13, ,62.5, ,52.7, ,56.5, ,99, ,66, ,83, ,51.4, ,8.5, ,203.3, ,62, 
47,Brentwood,San Francisco Bay,5/17/2019,137,0.18, ,0, ,530, ,10.5, ,68.9, ,52, ,59, ,83, ,44, ,62, ,45.8, ,7.3, ,174.2, ,61.6, 
47,Brentwood,San Francisco Bay,5/18/2019,138,0.04, ,0.42, ,207, ,12.9, ,62.4, ,46.8, ,54.1, ,100, ,65, ,90, ,51.4, ,4.9, ,117.5, ,60.5, 
47,Brentwood,San Francisco Bay,5/19/2019,139,0.06, ,0.35, ,286, ,13.5, ,62.1, ,48.4, ,53.5, ,100, ,75, ,97, ,52.6, ,4.7, ,113.7, ,60.1, 
47,Brentwood,San Francisco Bay,5/20/2019,140,0.17, ,0, ,560, ,11.9, ,69.1, ,46.7, ,57.2, ,100, ,52, ,75, ,49.2, ,5.3, ,127.1, ,60.4, 
47,Brentwood,San Francisco Bay,5/21/2019,141,0.21, ,0.03, ,586, ,12, ,67.4, ,51.5, ,58.3, ,99, ,51, ,72, ,49.3, ,11.3,R,270.7,R,60.2, 
47,Brentwood,San Francisco Bay,5/22/2019,142,0.24, ,0.01,H,671, ,12, ,77.9, ,51.6, ,64.3, ,96, ,32, ,58, ,49.3, ,7.9, ,189.5, ,61.4, 
47,Brentwood,San Francisco Bay,5/23/2019,143,0.26, ,0.01, ,671, ,13.1, ,81.4, ,56.9, ,69.2, ,99, ,36, ,54, ,51.6, ,6.1, ,147.2, ,64.5, 
47,Brentwood,San Francisco Bay,5/24/2019,144,0.23, ,0, ,727, ,14.6, ,80.5, ,52.3, ,65.2, ,100, ,44, ,69, ,54.7, ,4.1, ,98.1, ,66.1, 
47,Brentwood,San Francisco Bay,5/25/2019,145,0.25, ,0, ,753,R,12.2, ,76.2, ,51.1, ,62.8, ,99, ,35, ,63, ,49.9, ,7.5, ,181.1, ,65.8, 
47,Brentwood,San Francisco Bay,5/26/2019,146,0.2, ,0.01, ,534, ,9.7, ,64.1, ,49.2, ,57.1, ,96, ,44, ,61, ,43.8, ,10,Y,240.9,Y,62.6, 
47,Brentwood,San Francisco Bay,5/27/2019,147,0.16, ,0, ,490, ,12.6, ,71.6, ,49.4, ,59.8, ,99, ,49, ,71, ,50.6, ,5.6, ,135, ,62.3, 
47,Brentwood,San Francisco Bay,5/28/2019,148,0.26, ,0, ,735, ,13.7, ,81.9, ,48.6, ,66.4, ,99, ,39, ,62, ,53, ,5.4, ,130.2, ,64.2, 
47,Brentwood,San Francisco Bay,5/29/2019,149,0.27, ,0, ,730, ,14.5, ,87.9, ,54.4, ,70.1, ,99, ,33, ,58, ,54.5, ,5.2, ,124, ,66.8, 
47,Brentwood,San Francisco Bay,5/30/2019,150,0.25, ,0, ,736, ,14.5, ,82.8, ,53.4, ,67.4, ,99, ,40, ,63, ,54.6, ,5.1, ,123.5, ,67.7, 
47,Brentwood,San Francisco Bay,5/31/2019,151,0.28, ,0, ,749,R,15, ,87.6, ,56, ,72.7, ,99, ,30, ,55, ,55.4, ,5.7, ,136.6, ,68.6, 
47,Brentwood,San Francisco Bay,6/1/2019,152,0.29, ,0, ,736, ,15.7, ,91.3, ,57.1, ,74.1, ,99, ,31, ,55, ,56.7, ,5.8, ,139.1, ,70, 
47,Brentwood,San Francisco Bay,6/2/2019,153,0.26, ,0, ,736, ,16.2, ,85.7, ,55.2, ,69.6, ,99, ,41, ,66, ,57.6, ,5.8, ,139.2, ,70.1, 
47,Brentwood,San Francisco Bay,6/3/2019,154,0.27, ,0, ,729, ,17.2, ,90.1, ,55.4, ,72.5, ,99, ,39, ,63, ,59.2, ,4.6, ,111, ,70.5, 
47,Brentwood,San Francisco Bay,6/4/2019,155,0.28, ,0, ,738, ,18.8,Y,96.5, ,58.4, ,77.7, ,99, ,33, ,58,Y,61.7,Y,4.6, ,110, ,72.1, 
47,Brentwood,San Francisco Bay,6/5/2019,156,0.3, ,0, ,742, ,17.8, ,95, ,62.1, ,79.6, ,99, ,27, ,52, ,60.2, ,5.5, ,132, ,73.1, 
47,Brentwood,San Francisco Bay,6/6/2019,157,0.32, ,0, ,769,R,9.6, ,82.1, ,56.9, ,71, ,54, ,22, ,37, ,43.4, ,8.4, ,202.3, ,70.2, 
47,Brentwood,San Francisco Bay,6/7/2019,158,0.3, ,0, ,774,R,8, ,80.2, ,52.5, ,67, ,69, ,14, ,36, ,38.9, ,7.2, ,173.1, ,67.7, 
47,Brentwood,San Francisco Bay,6/8/2019,159,0.37, ,0, ,778,R,7.2,Y,87.6, ,62.9, ,74.3, ,34, ,19, ,25,Y,36.2,Y,10.6,Y,254.1,Y,67.4, 
47,Brentwood,San Francisco Bay,6/9/2019,160,0.3, ,0, ,724, ,9.6, ,94.1, ,60.3, ,77.3, ,45, ,20, ,30, ,43.5, ,4.6, ,110.8, ,69, 
47,Brentwood,San Francisco Bay,6/10/2019,161,0.29, ,0, ,743, ,14, ,101.3, ,63.8, ,82.7,Y,61, ,22, ,37,Y,53.5,Y,3.7, ,89.9, ,71.9, 
47,Brentwood,San Francisco Bay,6/11/2019,162,0.3, ,0, ,707, ,15.6, ,103.5,Y,65.4,Y,84.8,Y,68, ,20, ,38,Y,56.6,Y,3.6, ,85.7, ,74, 
47,Brentwood,San Francisco Bay,6/12/2019,163,0.33, ,0, ,745, ,14.8, ,99.2, ,68.5,Y,84.5,Y,69, ,20, ,37,Y,55.1,Y,5.4, ,129.6, ,75.2, 
47,Brentwood,San Francisco Bay,6/13/2019,164,0.3, ,0, ,747, ,13.9, ,91, ,59.6, ,76.4, ,82, ,28, ,45, ,53.4, ,5.4, ,130.8, ,73.9, 
47,Brentwood,San Francisco Bay,6/14/2019,165,0.26, ,0, ,751,R,15, ,91.1, ,56, ,70.7, ,99, ,37, ,58, ,55.4, ,4.4, ,104.7, ,73.2, 
47,Brentwood,San Francisco Bay,6/15/2019,166,0.26, ,0, ,757,R,13.8, ,83.9, ,49.8, ,66.5, ,99, ,34, ,62, ,53.2, ,4, ,95.2, ,71.8, 
47,Brentwood,San Francisco Bay,6/16/2019,167,0.26, ,0, ,746, ,15.4, ,88.9, ,50.6, ,69.5, ,100, ,38, ,62, ,56.1, ,3.4, ,82.5, ,71.4, 
47,Brentwood,San Francisco Bay,6/17/2019,168,0.28, ,0, ,735, ,17.4, ,93, ,57, ,74.7, ,99, ,33, ,59, ,59.5, ,4.3, ,104.2, ,72.9, 
47,Brentwood,San Francisco Bay,6/18/2019,169,0.3, ,0, ,749, ,18.1, ,96.2, ,61.3, ,78.8, ,99, ,33, ,54, ,60.7, ,5.3, ,126.4, ,73.9, 
47,Brentwood,San Francisco Bay,6/19/2019,170,0.29, ,0, ,756,R,17.5, ,91.5, ,58.4, ,74.4, ,99, ,36, ,60, ,59.7, ,5.4, ,129.2, ,73.8, 
47,Brentwood,San Francisco Bay,6/20/2019,171,0.29, ,0, ,758,R,14.9, ,86.2, ,55.9, ,70.9, ,99, ,32, ,58, ,55.3, ,5.5, ,131.8, ,72.9, 
47,Brentwood,San Francisco Bay,6/21/2019,172,0.31, ,0, ,782,R,10.8, ,87, ,56.2, ,72.4, ,93, ,22, ,40, ,46.5, ,6.4, ,153.7, ,71.6, 
47,Brentwood,San Francisco Bay,6/22/2019,173,0.34, ,0, ,772,R,11.1, ,93.8, ,58.2, ,76.9, ,72, ,19, ,35, ,47.3, ,6.8, ,163.4, ,71.8, 
47,Brentwood,San Francisco Bay,6/23/2019,174,0.31, ,0, ,748, ,14.3, ,94.6, ,57.3, ,77.3, ,99, ,25, ,45, ,54.2, ,4.6, ,111.6, ,72.9, 
47,Brentwood,San Francisco Bay,6/24/2019,175,0.27, ,0, ,682, ,14.9, ,93.7, ,55.1, ,75.1, ,99, ,24, ,50, ,55.3, ,3.7, ,87.8, ,73.1, 
47,Brentwood,San Francisco Bay,6/25/2019,176,0.31, ,0, ,756,R,12.9, ,89.7, ,57.4, ,74.3, ,99, ,23, ,45, ,51.4, ,5.4, ,128.7, ,72.5, 
47,Brentwood,San Francisco Bay,6/26/2019,177,0.27, ,0, ,762,R,12.1, ,77.6, ,55.3, ,66.8, ,90, ,32, ,54, ,49.6, ,6.1, ,147.5, ,70.8, 
47,Brentwood,San Francisco Bay,6/27/2019,178,0.27, ,0, ,689, ,12.1, ,80.2, ,51.5, ,66.7, ,99, ,32, ,54, ,49.5, ,6.8, ,162, ,69.2, 
47,Brentwood,San Francisco Bay,6/28/2019,179,0.25, ,0, ,666, ,12, ,88.1, ,58.6, ,70.6, ,92, ,25, ,47, ,49.3, ,3.9, ,93.2, ,70.8, 
47,Brentwood,San Francisco Bay,6/29/2019,180,0.28, ,0, ,765,R,10.7, ,87.3, ,49.6, ,70.5, ,89, ,17, ,42, ,46.3, ,4.3, ,103.1, ,70.2, 
47,Brentwood,San Francisco Bay,6/30/2019,181,0.28, ,0, ,774,R,12.2, ,88.8, ,55.9, ,71.6, ,99, ,20, ,46, ,49.8, ,3.9, ,94, ,71.2, 
47,Brentwood,San Francisco Bay,7/1/2019,182,0.29, ,0, ,764,R,12, ,87.4, ,53.2, ,70.3, ,95, ,21, ,47, ,49.4, ,4.7, ,112.3, ,70.8, 
47,Brentwood,San Francisco Bay,7/2/2019,183,0.28, ,0, ,742, ,11.5, ,85.9, ,57.7, ,71.5, ,66, ,27, ,44, ,48.3, ,4.8, ,115.4, ,71.1, 
47,Brentwood,San Francisco Bay,7/3/2019,184,0.28, ,0, ,750,R,13.3, ,88.8, ,57.7, ,72, ,75, ,33, ,50, ,52.2, ,4.8, ,114.3, ,72, 
47,Brentwood,San Francisco Bay,7/4/2019,185,0.28, ,0, ,754,R,14.5, ,90.6, ,52.6, ,72.9, ,99, ,32, ,52, ,54.5, ,4, ,95.5, ,72.1, 
47,Brentwood,San Francisco Bay,7/5/2019,186,0.29, ,0, ,753,R,15.2, ,94.2, ,56.2, ,75.3, ,100, ,25, ,51, ,55.8, ,3.9, ,94.1, ,73.2, 
47,Brentwood,San Francisco Bay,7/6/2019,187,0.28, ,0, ,742, ,14.6, ,94.2, ,55.4, ,74.2, ,99, ,30, ,51, ,54.8, ,3.7, ,88.2, ,73.4, 
47,Brentwood,San Francisco Bay,7/7/2019,188,0.26, ,0, ,704, ,13, ,88.5, ,53.9, ,69.8, ,99, ,29, ,52, ,51.6, ,4, ,97.1, ,72.8, 
47,Brentwood,San Francisco Bay,7/8/2019,189,0.26, ,0, ,747,R,13.4, ,79.1, ,52.4, ,66.3, ,99, ,40, ,61, ,52.3, ,5.4, ,129.4, ,70.7, 
47,Brentwood,San Francisco Bay,7/9/2019,190,0.25, ,0, ,717, ,14.4, ,87.6, ,52.9, ,69.6, ,99, ,34, ,58, ,54.2, ,4, ,95.6, ,71.2, 
47,Brentwood,San Francisco Bay,7/10/2019,191,0.28, ,0, ,731, ,16.5, ,88.2, ,58.7, ,73.7, ,99, ,35, ,58, ,58.1, ,4.8, ,115.8, ,72.5, 
47,Brentwood,San Francisco Bay,7/11/2019,192,0.29, ,0, ,741,R,15.7, ,92.9, ,57.7, ,75.8, ,99, ,28, ,52, ,56.8, ,4.9, ,118.5, ,73.2, 
47,Brentwood,San Francisco Bay,7/12/2019,193,0.28, ,0, ,743,R,17.2, ,94.5, ,56.7, ,76.2, ,99, ,35, ,56, ,59.2, ,3.7, ,89.1, ,74, 
47,Brentwood,San Francisco Bay,7/13/2019,194,0.29, ,0, ,751,R,16.5, ,96.5, ,57.8, ,77.5, ,99, ,23, ,51, ,58.1, ,4.1, ,98.6, ,74.5, 
47,Brentwood,San Francisco Bay,7/14/2019,195,0.29, ,0, ,754,R,14.4, ,95.3, ,57.6, ,77.8, ,99, ,24, ,44, ,54.3, ,4.3, ,102.1, ,74.4, 
47,Brentwood,San Francisco Bay,7/15/2019,196,0.3, ,0, ,739,R,13.9, ,95.6, ,62, ,79.9, ,64, ,26, ,40, ,53.4, ,5.2, ,125.8, ,74.4, 
47,Brentwood,San Francisco Bay,7/16/2019,197,0.3, ,0, ,724, ,14.4, ,92.8, ,62.2, ,75.9, ,78, ,26, ,47, ,54.2, ,6.1, ,146.6, ,74.1, 
47,Brentwood,San Francisco Bay,7/17/2019,198,0.26, ,0, ,729,R,15.6, ,95.1, ,56.2, ,75.4, ,99, ,25, ,52, ,56.5, ,3.5, ,83.3, ,73.9, 
47,Brentwood,San Francisco Bay,7/18/2019,199,0.28, ,0, ,720, ,17.3, ,90.8, ,60.7, ,74.9, ,99, ,33, ,58, ,59.4, ,5.4, ,128.5, ,74.5, 
47,Brentwood,San Francisco Bay,7/19/2019,200,0.26, ,0, ,723, ,16.9, ,86.9, ,56.5, ,71.2, ,99, ,42, ,65, ,58.7, ,5, ,119.1, ,73.9, 
47,Brentwood,San Francisco Bay,7/20/2019,201,0.27, ,0, ,726,R,14.7, ,86.4, ,54.6, ,71.5, ,99, ,27, ,56, ,54.9, ,5.5, ,132.7, ,73.1, 
47,Brentwood,San Francisco Bay,7/21/2019,202,0.25, ,0, ,681, ,16, ,91.2, ,54.6, ,73.9, ,99, ,33, ,56, ,57.2, ,3.9, ,92.9, ,73, 
47,Brentwood,San Francisco Bay,7/22/2019,203,0.29, ,0, ,713, ,15.6, ,95.4, ,61.1, ,79.1, ,99, ,26, ,46, ,56.5, ,4.7, ,113.2, ,74.3, 
47,Brentwood,San Francisco Bay,7/23/2019,204,0.29, ,0, ,711, ,14.8, ,95.1, ,58.2, ,77.8, ,99, ,25, ,45, ,55.1, ,4.7, ,112.1, ,74.4, 
47,Brentwood,San Francisco Bay,7/24/2019,205,0.3, ,0, ,717,R,13.4, ,99.9, ,56.3, ,79.3, ,99, ,12, ,39, ,52.4, ,5, ,119, ,73.9, 
47,Brentwood,San Francisco Bay,7/25/2019,206,0.28, ,0, ,667, ,12.9, ,101.6, ,61, ,80.1, ,94, ,12, ,37, ,51.3, ,4.8, ,116.3, ,74.4, 
47,Brentwood,San Francisco Bay,7/26/2019,207,0.28, ,0, ,708, ,15.9, ,91, ,59.4, ,74.9, ,99, ,30, ,54, ,57, ,6.3, ,150.8, ,73.8, 
47,Brentwood,San Francisco Bay,7/27/2019,208,0.3, ,0, ,722,R,14.8, ,103.1, ,56.3, ,79.8, ,100, ,14, ,42, ,55, ,5.1, ,121.6, ,73.7, 
47,Brentwood,San Francisco Bay,7/28/2019,209,0.32, ,0, ,699, ,14.1, ,102.8, ,61.3, ,84.1,Y,92, ,18, ,35,Y,53.7,Y,5.6, ,135.3, ,75, 
47,Brentwood,San Francisco Bay,7/29/2019,210,0.28, ,0, ,719,R,14.6, ,92.6, ,58.7, ,75.3, ,99, ,23, ,49, ,54.8, ,5, ,119.8, ,74.4, 
47,Brentwood,San Francisco Bay,7/30/2019,211,0.27, ,0, ,720,R,11.4, ,91.2, ,55.2, ,72.6, ,70, ,14, ,42, ,48, ,4.4, ,105.9, ,73.2, 
47,Brentwood,San Francisco Bay,7/31/2019,212,0.28, ,0, ,709,R,14.5, ,92.6, ,51.2, ,73.4, ,99, ,29, ,51, ,54.4, ,5, ,119.7, ,72.6, 
47,Brentwood,San Francisco Bay,8/1/2019,213,0.26, ,0, ,705,R,16.1, ,88.5, ,55, ,72.2, ,99, ,33, ,60, ,57.4, ,5.3, ,128.2, ,73.6, 
47,Brentwood,San Francisco Bay,8/2/2019,214,0.28, ,0, ,695, ,16.2, ,94.2, ,60.9, ,76.6, ,94, ,31, ,52, ,57.6, ,5.7, ,137.9, ,74.4, 
47,Brentwood,San Francisco Bay,8/3/2019,215,0.29, ,0, ,692, ,15.8, ,99.4, ,58.4, ,78.7, ,96, ,23, ,47, ,56.9, ,4.9, ,118.3, ,74.8, 
47,Brentwood,San Francisco Bay,8/4/2019,216,0.28, ,0, ,698,R,17.3, ,96.6, ,58.3, ,76.8, ,99, ,30, ,55, ,59.4, ,5.3, ,127.8, ,75, 
47,Brentwood,San Francisco Bay,8/5/2019,217,0.26, ,0, ,631, ,15.7, ,95.9, ,55.8, ,76.1, ,99, ,22, ,51, ,56.6, ,4.6, ,111.5, ,74.1, 
47,Brentwood,San Francisco Bay,8/6/2019,218,0.29, ,0, ,649, ,14.3, ,95.9, ,62.4, ,78.7, ,94, ,15, ,43, ,54.2, ,5.6, ,134.3, ,74.5, 
47,Brentwood,San Francisco Bay,8/7/2019,219,0.28, ,0, ,685, ,13.7, ,95.5, ,56.6, ,74.6, ,99, ,20, ,47, ,53, ,5.3, ,126.3, ,74.6, 
47,Brentwood,San Francisco Bay,8/8/2019,220,0.27, ,0, ,680, ,11.6, ,85.2, ,54.7, ,69.4, ,73, ,23, ,47, ,48.5, ,5.5, ,132.5, ,72.9, 
47,Brentwood,San Francisco Bay,8/9/2019,221,0.26, ,0, ,607, ,13.6, ,87.8, ,59.5, ,73, ,72, ,31, ,49, ,52.8, ,6.9, ,166.7, ,72.6, 
47,Brentwood,San Francisco Bay,8/10/2019,222,0.22, ,0, ,543, ,16.4, ,84.9, ,61.9, ,72.4, ,96, ,38, ,60, ,57.9, ,7.4,Y,176.7,Y,72.8, 
47,Brentwood,San Francisco Bay,8/11/2019,223,0.27, ,0, ,674, ,14.4, ,91.3, ,56.7, ,74.4, ,96, ,28, ,49, ,54.3, ,5.9, ,140.5, ,72.7, 
47,Brentwood,San Francisco Bay,8/12/2019,224,0.29, ,0, ,673,R,12.2, ,97.3, ,58, ,78.4, ,77, ,17, ,37, ,49.8, ,4.7, ,113.3, ,73.8, 
47,Brentwood,San Francisco Bay,8/13/2019,225,0.28, ,0, ,679,R,12.2, ,99.9, ,56.7, ,79.6, ,76, ,17, ,35, ,49.8, ,4.1, ,98.3, ,74.4, 
47,Brentwood,San Francisco Bay,8/14/2019,226,0.31, ,0, ,672,R,13.2, ,104.2,Y,59.8, ,83.9,Y,84, ,12, ,33,Y,51.8,Y,5.7, ,137.4, ,75.1, 
47,Brentwood,San Francisco Bay,8/15/2019,227,0.31, ,0, ,657, ,14.5, ,105.5,Y,63.9, ,85.3,Y,73, ,18, ,35,Y,54.5,Y,5.7, ,135.8, ,76.4, 
47,Brentwood,San Francisco Bay,8/16/2019,228,0.3,R,0, ,659, ,14.1, ,103.7,Y,63.3, ,83.2,Y,79, ,19, ,36,Y,53.6,Y,5.3, ,128.3, ,76.7, 
47,Brentwood,San Francisco Bay,8/17/2019,229,0.26, ,0, ,657, ,15.6, ,91.3, ,58.8, ,74.4, ,98, ,29, ,54, ,56.5, ,5.1, ,122.9, ,76, 
47,Brentwood,San Francisco Bay,8/18/2019,230,0.24, ,0, ,665,R,15.3, ,86.7, ,53.5, ,70, ,99, ,39, ,61, ,56, ,5.3, ,127.4, ,74.6, 
47,Brentwood,San Francisco Bay,8/19/2019,231,0.24, ,0, ,653,R,14.9, ,86.9, ,53.6, ,70, ,99, ,33, ,60, ,55.3, ,4.6, ,109.3, ,74.2, 
47,Brentwood,San Francisco Bay,8/20/2019,232,0.24, ,0, ,650,R,14.6, ,88.7, ,54.7, ,71.3, ,94, ,34, ,56, ,54.7, ,5.1, ,122.3, ,73.9, 
47,Brentwood,San Francisco Bay,8/21/2019,233,0.28, ,0, ,633, ,15.4, ,97.6, ,55.3, ,77.7, ,99, ,23, ,48, ,56.2, ,5.7, ,136.2, ,74.2, 
47,Brentwood,San Francisco Bay,8/22/2019,234,0.27, ,0, ,624, ,17.6, ,99, ,69.9,R,82.6,Y,76, ,23, ,46,Y,59.9,Y,5.7, ,135.8, ,76.7, 
47,Brentwood,San Francisco Bay,8/23/2019,235,0.28, ,0, ,619, ,16.6, ,96.7, ,61.4, ,79.4, ,95, ,26, ,48, ,58.2, ,6, ,144.2, ,76.5, 
47,Brentwood,San Francisco Bay,8/24/2019,236,0.28, ,0, ,609, ,15.3, ,97.1, ,60.5, ,78, ,99, ,20, ,47, ,56, ,6.4, ,153.9, ,76.1, 
47,Brentwood,San Francisco Bay,8/25/2019,237,0.3, ,0, ,614, ,14.9, ,99.4, ,62.8, ,81.6, ,85, ,22, ,40, ,55.3, ,6, ,144.2, ,76.4, 
47,Brentwood,San Francisco Bay,8/26/2019,238,0.3, ,0, ,614, ,13, ,101, ,62.1, ,81.9, ,69, ,21, ,35, ,51.6, ,5.8, ,140.1, ,76.3, 
47,Brentwood,San Francisco Bay,8/27/2019,239,0.29, ,0, ,590, ,10.7, ,102.1, ,59, ,81.5, ,67, ,11, ,29, ,46.4, ,5.9, ,141.6, ,76, 
47,Brentwood,San Francisco Bay,8/28/2019,240,0.26, ,0, ,578, ,13.6, ,95.3, ,61, ,77.6, ,75, ,22, ,42, ,52.8, ,5.4, ,130.8, ,76.3, 
47,Brentwood,San Francisco Bay,8/29/2019,241,0.25, ,0, ,601, ,15.5, ,88.8, ,62.8, ,74.6, ,70, ,34, ,53, ,56.3, ,6.9, ,166.4, ,76.1, 
47,Brentwood,San Francisco Bay,8/30/2019,242,0.25, ,0, ,623,R,14.6, ,92.2, ,58.4, ,75, ,91, ,28, ,49, ,54.6, ,5.8, ,138.2, ,75.3, 
47,Brentwood,San Francisco Bay,8/31/2019,243,0.26, ,0, ,618,R,13.9, ,98.8, ,55.7, ,78, ,96, ,19, ,42, ,53.4, ,4.5, ,106.8, ,75.2, 
47,Brentwood,San Francisco Bay,9/1/2019,244,0.28, ,0, ,601, ,13.4, ,98.6, ,58.5, ,79.7, ,69, ,20, ,39, ,52.3, ,5.7, ,136, ,75.2, 
47,Brentwood,San Francisco Bay,9/2/2019,245,0.27, ,0, ,587, ,13.9, ,97.9, ,62, ,78.7, ,68, ,24, ,41, ,53.3, ,5.6, ,135.1, ,75.8, 
47,Brentwood,San Francisco Bay,9/3/2019,246,0.25, ,0, ,603,R,13.8, ,95.8, ,55.5, ,76, ,99, ,20, ,45, ,53.2, ,4.7, ,113.5, ,75, 
47,Brentwood,San Francisco Bay,9/4/2019,247,0.25, ,0, ,558, ,13.6, ,97.2, ,60.6, ,77.9, ,75, ,20, ,42, ,52.8, ,5.4, ,128.6, ,74.9, 
47,Brentwood,San Francisco Bay,9/5/2019,248,0.23, ,0, ,547, ,14.1, ,94.2, ,61.9, ,75.6, ,73, ,21, ,47, ,53.8, ,4.8, ,114.7, ,75.4, 
47,Brentwood,San Francisco Bay,9/6/2019,249,0.23, ,0, ,592,R,14.6, ,92.5, ,55.3, ,72.8, ,99, ,22, ,53, ,54.7, ,4.5, ,107.9, ,74.3, 
47,Brentwood,San Francisco Bay,9/7/2019,250,0.22, ,0, ,556, ,13.7, ,76.7, ,53.8, ,66.5, ,96, ,47, ,62, ,53, ,8.1,Y,195.6,Y,72.5, 
47,Brentwood,San Francisco Bay,9/8/2019,251,0.21, ,0, ,574, ,14.1, ,85.8, ,56, ,70.1, ,94, ,34, ,56, ,53.7, ,6, ,143.4, ,72.4, 
47,Brentwood,San Francisco Bay,9/9/2019,252,0.24, ,0, ,570, ,13.1, ,86.1, ,59.5, ,71, ,71, ,29, ,51, ,51.8, ,8.6,Y,205.8,Y,72.7, 
47,Brentwood,San Francisco Bay,9/10/2019,253,0.21, ,0, ,554, ,13.1, ,84, ,54.1, ,68.6, ,94, ,30, ,55, ,51.7, ,5.2, ,125.3, ,72.1, 
47,Brentwood,San Francisco Bay,9/11/2019,254,0.22, ,0, ,563, ,12.7, ,89.8, ,54, ,72.4, ,93, ,23, ,47, ,50.9, ,5.3, ,126.3, ,71.8, 
47,Brentwood,San Francisco Bay,9/12/2019,255,0.22, ,0, ,552, ,11.1, ,94.3, ,56.7, ,75.8, ,67, ,20, ,37, ,47.4, ,4.3, ,104, ,72.5, 
47,Brentwood,San Francisco Bay,9/13/2019,256,0.23, ,0, ,560,R,10.2, ,100.1, ,56.2, ,78.9, ,60, ,14, ,30, ,45.1, ,4.2, ,101.2, ,72.5, 
47,Brentwood,San Francisco Bay,9/14/2019,257,0.24, ,0, ,553, ,10.2, ,101.5,Y,57.7, ,78.5, ,59, ,16, ,31, ,45.1, ,4.4, ,105.3, ,72.9, 
47,Brentwood,San Francisco Bay,9/15/2019,258,0.23, ,0, ,568,R,12.5, ,87.8, ,52.2, ,70.6, ,88, ,15, ,49, ,50.4, ,6.2, ,148.9, ,71.6, 
47,Brentwood,San Francisco Bay,9/16/2019,259,0.2, ,0.13, ,459, ,12.3, ,80.5, ,57.4, ,70.1, ,97, ,18, ,49, ,49.9, ,7.3, ,174.5, ,70.7, 
47,Brentwood,San Francisco Bay,9/17/2019,260,0.2, ,0, ,556,R,12.3, ,83, ,50.1, ,66.6, ,98, ,27, ,55, ,49.9, ,5.9, ,142.5, ,68.6, 
47,Brentwood,San Francisco Bay,9/18/2019,261,0.12, ,0, ,298, ,14.5, ,80.2, ,56.3, ,67.4, ,91, ,45, ,63, ,54.4, ,7.3, ,175.1, ,68.1, 
47,Brentwood,San Francisco Bay,9/19/2019,262,0.2, ,0, ,544,R,11.9, ,81.1, ,50.9, ,67.2, ,99, ,29, ,52, ,49.2, ,5.4, ,129.9, ,67.7, 
47,Brentwood,San Francisco Bay,9/20/2019,263,0.21, ,0, ,536,R,10.3, ,87.6, ,54, ,71.3, ,71, ,21, ,39, ,45.2, ,5.3, ,128.1, ,68.1, 
47,Brentwood,San Francisco Bay,9/21/2019,264,0.23, ,0, ,541,R,10.2, ,89.1, ,55.2, ,73.1, ,60, ,21, ,37, ,45.1, ,5.7, ,136.5, ,68.5, 
47,Brentwood,San Francisco Bay,9/22/2019,265,0.19, ,0, ,470, ,11.2, ,90.9, ,51.8, ,72.8, ,72, ,19, ,41, ,47.5, ,4.4, ,105.5, ,69, 
47,Brentwood,San Francisco Bay,9/23/2019,266,0.24, ,0, ,526,R,11.8, ,90.5, ,57.3, ,75.3, ,69, ,23, ,39, ,48.8, ,7.8, ,188.1, ,69.6, 
47,Brentwood,San Francisco Bay,9/24/2019,267,0.25,R,0, ,520,R,10.2, ,98.8, ,68.4,R,82.7,Y,38, ,16, ,27,Y,45.1,Y,5.9, ,142.2, ,70.9, 
47,Brentwood,San Francisco Bay,9/25/2019,268,0.21, ,0, ,511,R,13, ,98.6, ,67.4,R,81.5,Y,59, ,22, ,35,Y,51.5,Y,4.1, ,97.9, ,72.6, 
47,Brentwood,San Francisco Bay,9/26/2019,269,0.22,R,0, ,496, ,15.4, ,90.4, ,63,Y,75.5, ,93, ,32, ,51, ,56.2, ,7.6, ,183.5, ,72.5, 
47,Brentwood,San Francisco Bay,9/27/2019,270,0.18, ,0, ,477, ,15.3, ,79.4, ,59.1, ,67.8, ,96, ,35, ,66, ,56, ,8.6, ,205.3, ,71.6, 
47,Brentwood,San Francisco Bay,9/28/2019,271,0.17, ,0, ,460, ,10.4, ,74.9, ,50.3, ,62.8, ,94, ,30, ,53, ,45.6, ,8.1, ,193.4, ,69.2, 
47,Brentwood,San Francisco Bay,9/29/2019,272,0.17, ,0, ,444, ,8.3, ,72.2, ,45.7, ,59.3, ,69, ,30, ,48, ,39.8, ,7.3, ,175, ,66.7, 
47,Brentwood,San Francisco Bay,9/30/2019,273,0.17, ,0, ,490,R,8.4, ,71.1, ,45.8, ,58.9, ,81, ,24, ,50, ,40.1, ,5.8, ,139.1, ,65.4, 
47,Brentwood,San Francisco Bay,10/1/2019,274,0.17, ,0, ,503,R,7.5, ,76.4, ,42.4,Y,59.4, ,73, ,23, ,43, ,37.2, ,5.4, ,130.7, ,64.2, 
47,Brentwood,San Francisco Bay,10/2/2019,275,0.18, ,0, ,501,R,6.6, ,80.7, ,42.9, ,62, ,62, ,16, ,35, ,33.9, ,4.4, ,105.1, ,64.1, 
47,Brentwood,San Francisco Bay,10/3/2019,276,0.17, ,0, ,489,R,7.7, ,82.2, ,42.5, ,61.6, ,63, ,25, ,41, ,37.9, ,5, ,120.7, ,64.3, 
47,Brentwood,San Francisco Bay,10/4/2019,277,0.2, ,0, ,493,R,6.9, ,78.9, ,48.3, ,62.6, ,56, ,17, ,36, ,35.1, ,7.1, ,169.3, ,63.8, 
47,Brentwood,San Francisco Bay,10/5/2019,278,0.2, ,0, ,482,R,6.6, ,83.8, ,47.4, ,65.5, ,55, ,18, ,31, ,33.8, ,5.4, ,129.2, ,63.3, 
47,Brentwood,San Francisco Bay,10/6/2019,279,0.18, ,0, ,445, ,7.8, ,87.6, ,52.8, ,69.2, ,45, ,21, ,32, ,38.1, ,4.6, ,111.2, ,64.5, 
47,Brentwood,San Francisco Bay,10/7/2019,280,0.18, ,0, ,462,R,8.5, ,91.4, ,52.7, ,70.8, ,57, ,17, ,33, ,40.3, ,4, ,97.2, ,65.9, 
47,Brentwood,San Francisco Bay,10/8/2019,281,0.17, ,0, ,446, ,7.9, ,91.8, ,50.8, ,70.9, ,60, ,18, ,31, ,38.5, ,3.5, ,84.6, ,66.4, 
47,Brentwood,San Francisco Bay,10/9/2019,282,0.27, ,0, ,465,R,4.9,Y,77.1, ,53.3, ,66.4, ,51, ,11, ,22,Y,26.6,Y,11.1,Y,266,Y,64.9, 
47,Brentwood,San Francisco Bay,10/10/2019,283,0.24, ,0, ,462,R,3.6,Y,78.7, ,51, ,63.9, ,34, ,11, ,18,Y,19.4,Y,9.8,Y,234.4,Y,63.7, 
47,Brentwood,San Francisco Bay,10/11/2019,284,0.16, ,0, ,433, ,5.9, ,81.1, ,43.9, ,61.2, ,59, ,17, ,32, ,31.1, ,3.9, ,94.2, ,62.5, 
47,Brentwood,San Francisco Bay,10/12/2019,285,0.15, ,0, ,431, ,6.6, ,83.4, ,41.9, ,61.9, ,62, ,17, ,35, ,34, ,3, ,72, ,62.5, 
47,Brentwood,San Francisco Bay,10/13/2019,286,0.16, ,0, ,417, ,6.5, ,81.5, ,45.4, ,61.6, ,59, ,17, ,35, ,33.5, ,4.3, ,103.5, ,62.5, 
47,Brentwood,San Francisco Bay,10/14/2019,287,0.15, ,0, ,424, ,7.3, ,82.8, ,41.7, ,61.6, ,68, ,20, ,39, ,36.6, ,4.5, ,107.2, ,62.1, 
47,Brentwood,San Francisco Bay,10/15/2019,288,0.14, ,0, ,415, ,8.6, ,84.5, ,42.5, ,61.4, ,86, ,22, ,46, ,40.8, ,3, ,72.4, ,62.4, 
47,Brentwood,San Francisco Bay,10/16/2019,289,0.11, ,0, ,286, ,9.8, ,77.4, ,45.8, ,61.6, ,73, ,34, ,53, ,44.1, ,4.5, ,107.8, ,62.4, 
47,Brentwood,San Francisco Bay,10/17/2019,290,0.18, ,0, ,411, ,10.3, ,76, ,56.3, ,64.4, ,75, ,28, ,50, ,45.4, ,9.6,Y,231.3,Y,63.6, 
47,Brentwood,San Francisco Bay,10/18/2019,291,0.15, ,0, ,386, ,10, ,75.7, ,48.1, ,61.1, ,71, ,35, ,54, ,44.4, ,6.6, ,157.4, ,62.7, 
47,Brentwood,San Francisco Bay,10/19/2019,292,0.12, ,0, ,349, ,12.1, ,76.5, ,46.1, ,61.1, ,88, ,46, ,66, ,49.6, ,6.2, ,147.9, ,62.4, 
47,Brentwood,San Francisco Bay,10/20/2019,293,0.16, ,0, ,391, ,10.3, ,80.8, ,52.4, ,65, ,96, ,23, ,49, ,45.4, ,6.2, ,148.4, ,63, 
47,Brentwood,San Francisco Bay,10/21/2019,294,0.19, ,0, ,392, ,8.8, ,88.5, ,49.9, ,68.5, ,79, ,19, ,37, ,41.1, ,6.3, ,150.3, ,63.3, 
47,Brentwood,San Francisco Bay,10/22/2019,295,0.18, ,0, ,393, ,8.7, ,85.8, ,53.3, ,68.8, ,60, ,21, ,36, ,40.9, ,5.9, ,141.1, ,63.5, 
47,Brentwood,San Francisco Bay,10/23/2019,296,0.2, ,0, ,374, ,8.1, ,87.9, ,58.9,Y,73.4,Y,55, ,15, ,29,Y,39.1,Y,7, ,167.7, ,64.2, 
47,Brentwood,San Francisco Bay,10/24/2019,297,0.19, ,0, ,377, ,4.9,Y,89.8,Y,57.7, ,72.1,Y,26, ,10, ,18,Y,26.4,Y,5.2, ,124.2, ,64.1, 
47,Brentwood,San Francisco Bay,10/25/2019,298,0.16, ,0, ,367, ,6.1, ,88.7,Y,50.5, ,68.2, ,38, ,15, ,26, ,32.1, ,4, ,96.2, ,63.5, 
47,Brentwood,San Francisco Bay,10/26/2019,299,0.15, ,0, ,371, ,7.4, ,85.7, ,47.1, ,65.4, ,58, ,19, ,34, ,36.6, ,4.6, ,109.7, ,63.1, 
47,Brentwood,San Francisco Bay,10/27/2019,300,0.32, ,0, ,370, ,3.4,Y,73.6, ,53.6, ,61.5, ,24, ,9, ,18,Y,18.3,Y,19.2,R,460.7,R,61.5, 
47,Brentwood,San Francisco Bay,10/28/2019,301,0.14, ,0, ,379,R,2.7,Y,74, ,43.5, ,56.8, ,27, ,8, ,17,Y,12.8,Y,5.3, ,126.3, ,59.3, 
47,Brentwood,San Francisco Bay,10/29/2019,302,0.17, ,0, ,358, ,3.3,Y,72.6, ,37.8, ,55.2, ,47, ,11, ,22,Y,17,Y,7.6, ,181.2, ,57.5, 
47,Brentwood,San Francisco Bay,10/30/2019,303,0.12, ,0, ,358, ,2.9,Y,71.3, ,39.4, ,53.6, ,41, ,13, ,21,Y,14.3,Y,3.9, ,94.1, ,57, 
47,Brentwood,San Francisco Bay,10/31/2019,304,0.11, ,0, ,359, ,3.6,Y,75.5, ,36.5, ,53.6, ,56, ,10, ,25,Y,19,Y,3.5, ,84.8, ,56.3, 
47,Brentwood,San Francisco Bay,11/1/2019,305,0.11, ,0, ,352, ,4.2,Y,78, ,34.4, ,54.2, ,55, ,14, ,29,Y,23.1,Y,2.6, ,63, ,56.1, 
47,Brentwood,San Francisco Bay,11/2/2019,306,0.11, ,0, ,347, ,4.9, ,80.1, ,37.2, ,55.6, ,72, ,14, ,32, ,26.4, ,2.7, ,65.9, ,56.3, 
47,Brentwood,San Francisco Bay,11/3/2019,307,0.11, ,0, ,337, ,5.5, ,83.5,Y,38.5, ,58.1, ,57, ,16, ,33, ,29.3, ,2.3, ,54, ,56.9, 
47,Brentwood,San Francisco Bay,11/4/2019,308,0.11, ,0, ,332, ,6.3, ,81.6, ,41.2, ,58.6, ,71, ,19, ,37, ,32.7, ,2.5, ,60, ,57.5, 
47,Brentwood,San Francisco Bay,11/5/2019,309,0.11, ,0, ,331, ,7.2, ,84.8,Y,41.2, ,59.8, ,72, ,21, ,41, ,36, ,2.8, ,67.1, ,57.9, 
47,Brentwood,San Francisco Bay,11/6/2019,310,0.1, ,0, ,324, ,8.1, ,80.3, ,42.4, ,58.7, ,68, ,25, ,48, ,39, ,2.8, ,68, ,58.1, 
47,Brentwood,San Francisco Bay,11/7/2019,311,0.1, ,0, ,322, ,9.8, ,83.1,Y,41, ,58.5, ,100, ,28, ,59, ,44, ,3, ,73, ,58.1, 
47,Brentwood,San Francisco Bay,11/8/2019,312,0.11, ,0, ,323, ,9.7, ,81.4,Y,42.2, ,59, ,100, ,24, ,57, ,43.8, ,3.5, ,83.6, ,58, 
47,Brentwood,San Francisco Bay,11/9/2019,313,0.11, ,0, ,324, ,8.5, ,81.1,Y,41.6, ,58.4, ,99, ,24, ,51, ,40.3, ,3.5, ,82.9, ,57.6, 
47,Brentwood,San Francisco Bay,11/10/2019,314,0.1, ,0, ,313, ,8.4, ,80.6,Y,42.7, ,58.9, ,92, ,23, ,49, ,40, ,3, ,72.3, ,57.9, 
47,Brentwood,San Francisco Bay,11/11/2019,315,0.09, ,0, ,285, ,8.1, ,82.3,Y,43.8, ,60.5, ,70, ,25, ,45, ,39, ,2.5, ,60.2, ,58.5, 
47,Brentwood,San Francisco Bay,11/12/2019,316,0.09, ,0, ,272, ,8.9, ,78.3, ,43.1, ,59.1, ,96, ,30, ,52, ,41.4, ,2.8, ,67.9, ,58.2, 
47,Brentwood,San Francisco Bay,11/13/2019,317,0.07, ,0, ,220, ,9.4, ,76, ,46.7, ,59.8, ,75, ,37, ,54, ,42.9, ,2.4, ,58.5, ,57.9, 
47,Brentwood,San Francisco Bay,11/14/2019,318,0.08, ,0, ,249, ,11.9, ,72.2, ,46.8, ,57.9, ,99, ,46, ,73, ,49.2, ,4.4, ,105.7, ,58.7, 
47,Brentwood,San Francisco Bay,11/15/2019,319,0.09, ,0, ,287, ,11.6, ,71.5, ,44.7, ,56.5, ,100, ,46, ,75, ,48.6, ,4.6, ,110.3, ,57.8, 
47,Brentwood,San Francisco Bay,11/16/2019,320,0.09, ,0, ,286, ,11, ,75.3, ,41.7, ,57.8, ,100, ,40, ,67, ,47.1, ,3.6, ,87.1, ,57.6, 
47,Brentwood,San Francisco Bay,11/17/2019,321,0.08, ,0, ,283, ,9.9, ,79.4,Y,42.1, ,57.4, ,98, ,36, ,62, ,44.3, ,2.7, ,64.1, ,57.5, 
47,Brentwood,San Francisco Bay,11/18/2019,322,0.08, ,0, ,280, ,9.9, ,79.2,Y,41.1, ,57.4, ,95, ,37, ,62, ,44.3, ,2.8, ,67.1, ,57.3, 
47,Brentwood,San Francisco Bay,11/19/2019,323,0.11, ,0, ,282, ,10.7, ,70.3, ,47.9, ,60, ,76, ,38, ,61, ,46.3, ,7.8, ,186.2, ,58.2, 
47,Brentwood,San Francisco Bay,11/20/2019,324,0.19, ,0, ,246, ,6.5, ,71.6, ,42.9, ,59.9, ,68, ,22, ,37, ,33.4, ,12.5,R,298.8,R,57.7, 
47,Brentwood,San Francisco Bay,11/21/2019,325,0.07, ,0, ,261, ,8.8, ,69.6, ,39, ,51.6, ,99, ,45, ,68, ,41.3, ,3.1, ,75.1, ,56, 
47,Brentwood,San Francisco Bay,11/22/2019,326,0.08, ,0, ,264, ,8.6, ,70.6, ,39.5, ,53, ,98, ,38, ,62, ,40.5, ,3.9, ,94.5, ,55.1, 
47,Brentwood,San Francisco Bay,11/23/2019,327,0.09, ,0, ,269, ,7.7, ,72.1, ,39.8, ,54.5, ,91, ,28, ,53, ,37.9, ,3.4, ,80.9, ,54.7, 
47,Brentwood,San Francisco Bay,11/24/2019,328,0.08, ,0, ,264, ,6.7, ,72.9, ,38.5, ,52.8, ,69, ,27, ,50, ,34.4, ,3.3, ,78.4, ,54, 
47,Brentwood,San Francisco Bay,11/25/2019,329,0.17, ,0, ,278, ,5, ,66.3, ,36.6, ,52.9, ,89, ,16, ,37, ,27.2, ,11.1,Y,267.3,Y,52.9, 
47,Brentwood,San Francisco Bay,11/26/2019,330,0.06, ,0.36, ,87, ,5.4, ,55.3, ,43.3, ,49.7, ,78, ,30, ,45, ,29.1, ,8, ,193.1, ,52.2, 
47,Brentwood,San Francisco Bay,11/27/2019,331,0.05, ,0.09, ,143, ,7.8, ,53.7, ,45, ,49, ,87, ,40, ,66, ,38.1, ,7.4, ,176.5, ,51.2, 
47,Brentwood,San Francisco Bay,11/28/2019,332,0.03, ,0, ,66, ,7.1, ,54.7, ,42.2, ,47.9, ,85, ,42, ,62, ,35.6, ,5.2, ,125.3, ,49.8, 
47,Brentwood,San Francisco Bay,11/29/2019,333,0.06, ,0.02, ,255, ,7.3, ,58.3, ,38.2, ,46.9, ,93, ,39, ,67, ,36.4, ,4.6, ,111.6, ,48.7, 
47,Brentwood,San Francisco Bay,11/30/2019,334,0.03, ,0.06, ,51, ,8.3, ,50.3, ,35.2, ,43.9, ,98, ,43, ,85, ,39.7, ,12.4,R,296.7,R,47.1, 
47,Brentwood,San Francisco Bay,12/1/2019,335,0.11, ,0.17, ,50, ,7.1, ,58.2, ,46.1, ,53.3, ,99, ,30, ,51, ,35.6, ,16.9,R,405.8,R,49.4, 
47,Brentwood,San Francisco Bay,12/2/2019,336,0.09, ,0.17, ,53, ,6.9, ,63.3, ,54.4,Y,57.8, ,51, ,37, ,42, ,35.1, ,8.3, ,200.1, ,52.1, 
47,Brentwood,San Francisco Bay,12/3/2019,337,0.05, ,0, ,98, ,10.9, ,64.6, ,53.5,Y,59,Y,95, ,51, ,64,Y,46.8,Y,4.4, ,106.5, ,54, 
47,Brentwood,San Francisco Bay,12/4/2019,338,0.05, ,0.59, ,37, ,7.5, ,65.9, ,53.2, ,59.5,Y,93, ,37, ,43,Y,37.1,Y,4.1, ,98, ,54.3, 
47,Brentwood,San Francisco Bay,12/5/2019,339,0.05, ,0, ,78, ,7, ,66.7, ,57,Y,60.4,Y,43, ,34, ,39,Y,35.5,Y,2.6, ,62.1, ,55.1, 
47,Brentwood,San Francisco Bay,12/6/2019,340,0.11, ,0.05, ,161, ,7.1, ,70.6,Y,54.6,Y,61.4,Y,39, ,37, ,38,Y,35.6,Y,6, ,144.1, ,55.9, 
47,Brentwood,San Francisco Bay,12/7/2019,341,0.12, ,0.13, ,155, ,7.6, ,72.8,Y,59.8,Y,64.1,Y,38, ,35, ,37,Y,37.5,Y,7.6, ,183.3, ,56.9, 
47,Brentwood,San Francisco Bay,12/8/2019,342,0.09, ,0.02, ,179, ,7.9, ,76,R,55.7,Y,62.7,Y,42, ,38, ,41,Y,38.4,Y,3.8, ,90.4, ,57.1, 
47,Brentwood,San Francisco Bay,12/9/2019,343,0.09, ,0, ,255, ,7.6, ,73.5,Y,49.8, ,59.5,Y,44, ,41, ,44,Y,37.6,Y,3.3, ,79.8, ,55.1, 
47,Brentwood,San Francisco Bay,12/10/2019,344,0.06, ,0.14, ,101, ,7.1, ,66.2, ,49.8, ,57.3, ,46, ,43, ,44, ,35.6, ,3.1, ,73.5, ,54.7, 
47,Brentwood,San Francisco Bay,12/11/2019,345,0.05, ,0.01, ,39, ,6.9, ,60.5, ,55.1,Y,57.1, ,45, ,41, ,43, ,35.1, ,4.1, ,99.2, ,55.1, 
47,Brentwood,San Francisco Bay,12/12/2019,346,0.06, ,0, ,118, ,8.8, ,72.3,Y,56,Y,62.1,Y,47, ,44, ,46,Y,41.2,Y,3.5, ,84.3, ,56.5, 
47,Brentwood,San Francisco Bay,12/13/2019,347,0.05, ,0.02, ,56, ,8.6, ,70,Y,55.8,Y,61.4,Y,47, ,46, ,46,Y,40.7,Y,3.6, ,87, ,57, 
47,Brentwood,San Francisco Bay,12/14/2019,348,0.12, ,0.06, ,253, ,7.4, ,63.1, ,51.3, ,57.2, ,51, ,40, ,46, ,36.8, ,9, ,215.7, ,55.6, 
47,Brentwood,San Francisco Bay,12/15/2019,349,0.09, ,0, ,259, ,6.5, ,65.4, ,47.2, ,54.2, ,52, ,32, ,45, ,33.4, ,5.7, ,135.8, ,52.6, 
47,Brentwood,San Francisco Bay,12/16/2019,350,0.07, ,0, ,262, ,5.9, ,65.5, ,41.9, ,51.7, ,53, ,29, ,45, ,31.1, ,3.7, ,89, ,50, 
47,Brentwood,San Francisco Bay,12/17/2019,351,0.06, ,0, ,170, ,6.2, ,61.5, ,41.8, ,50.3, ,55, ,43, ,50, ,32.4, ,3.2, ,76.9, ,48.8, 
47,Brentwood,San Francisco Bay,12/18/2019,352,0.06, ,0.02, ,104, ,8, ,64.3, ,48.2, ,55.2, ,55, ,49, ,54, ,38.8, ,5.1, ,121.8, ,50.3, 
47,Brentwood,San Francisco Bay,12/19/2019,353,0.04, ,0, ,123, ,8.3, ,68.1, ,49.5, ,55.6, ,57, ,50, ,55, ,39.6, ,2.9, ,68.6, ,52.1, 
47,Brentwood,San Francisco Bay,12/20/2019,354,0.05, ,0.01, ,123, ,7.6, ,66.3, ,47.2, ,53.7, ,58, ,48, ,54, ,37.6, ,2.5, ,59, ,51.3, 
47,Brentwood,San Francisco Bay,12/21/2019,355,0.04, ,0, ,85, ,7.3, ,61.2, ,47.1, ,52.5, ,56, ,52, ,54, ,36.3, ,2.4, ,57.4, ,50.5, 
47,Brentwood,San Francisco Bay,12/22/2019,356,0.05, ,0.17,H,91, ,7.7, ,63.1, ,43.9, ,53.1, ,58, ,52, ,56, ,37.8, ,4, ,96.5, ,50.2, 
47,Brentwood,San Francisco Bay,12/23/2019,357,0.07, ,0.02,H,191, ,7.2, ,64.4, ,43, ,51.8, ,59, ,42, ,55, ,36, ,5, ,120.3, ,49.5, 
47,Brentwood,San Francisco Bay,12/24/2019,358,0.06, ,0, ,177, ,6.8, ,62.7, ,39.7, ,51.4, ,61, ,42, ,53, ,34.7, ,3.2, ,77, ,47.7, 
47,Brentwood,San Francisco Bay,12/25/2019,359,0.07, ,0, ,132, ,7.6, ,56.7, ,48.7, ,52.4, ,59, ,54, ,57, ,37.4, ,8.2, ,196.7, ,49, 
47,Brentwood,San Francisco Bay,12/26/2019,360,0.12, ,0, ,260, ,5.9, ,63.2, ,47.5, ,54.1, ,55, ,28, ,41, ,31, ,8.6, ,205.3, ,48.5, 
47,Brentwood,San Francisco Bay,12/27/2019,361,0.09, ,0, ,261, ,5.2, ,66.6, ,41.9, ,52.8, ,51, ,26, ,38, ,28, ,4.6, ,111.3, ,47.1, 
47,Brentwood,San Francisco Bay,12/28/2019,362,0.08, ,0, ,259, ,5.9, ,64.9, ,37.9, ,50.9, ,59, ,31, ,47, ,31.3, ,4.1, ,98.2, ,46.1, 
47,Brentwood,San Francisco Bay,12/29/2019,363,0.05, ,0.11, ,92, ,7.6, ,58.6, ,44.6, ,52, ,61, ,51, ,57, ,37.3, ,4.9, ,117.7, ,47.2, 
47,Brentwood,San Francisco Bay,12/30/2019,364,0.09, ,0, ,257, ,7.7, ,67.9, ,47.4, ,56.8, ,58, ,36, ,49, ,37.6, ,5.9, ,141.1, ,49, 
47,Brentwood,San Francisco Bay,12/31/2019,365,0.08, ,0, ,243, ,7.3, ,69.1, ,45.8, ,54.9, ,59, ,35, ,50, ,36.6, ,4.3, ,103.8, ,48.3, 
47,Brentwood,San Francisco Bay,1/1/2020,1,0.07, ,0, ,196, ,7.7, ,71.1,Y,45.1, ,55.4, ,66, ,40, ,51, ,37.7, ,3.6, ,86.4, ,48.9, 
